Designator,Mid X,Mid Y,Layer,Rotation,Mount
C1,31.000,46.000,Top,0,SMD
C2,30.500,53.000,Top,0,THT
C4,71.000,10.000,Top,0,THT
C5,74.500,20.000,Top,0,SMD
C6,74.500,16.000,Top,0,SMD
D1,88.000,17.000,Top,0,SMD
F1,18.000,62.000,Top,0,SMD
F2,80.700,24.000,Top,0,SMD
J_IN,6.000,56.000,Top,0,THT
J_OUT,81.700,7.000,Top,0,THT
R1,88.000,13.000,Top,0,SMD
TP1,10.000,65.500,Top,0,SMD
TP2,14.000,53.000,Top,0,SMD
TP3,80.000,44.000,Top,0,SMD
TP4,80.500,10.500,Top,0,SMD
TP5,87.000,10.500,Top,0,SMD
TVS1,31.000,61.500,Top,0,SMD
U1,50.000,39.000,Top,0,THT
