Ref,Qty,Description,Manufacturer,MPN,KiCad symbol,KiCad footprint,Status,Assembly,KiCad7 library check,Datasheet verified,Notes
U1,1,MCU STM32L476RG LQFP-64,STMicroelectronics,STM32L476RGT6,MCU_ST_STM32L4:STM32L476RGTx,Package_QFP:LQFP-64_10x10mm_P0.5mm,CANDIDATE,SMT,symbol+footprint present; pin numbers read from library (PA0=14 PA1=15 PA2=16 PA3=17 PA5=21 PB0=26 PB8=61 PB9=62 PB10=29 PB11=30 PC8=39 PC9=40 PC10=51 PA13=46 PA14=49 PB3=55 NRST=7 VDDA=13 VBAT=1),NO,"HSI16->PLL 80 MHz, no crystal; I/O types (FT/FT_a) of PA1/PC10 must be read from the datasheet"
U2,1,Power monitor INA228 VSSOP-10,Texas Instruments,INA228AIDGSR,custom (not in KiCad 7 library),Package_SO:VSSOP-10_3x3mm_P0.5mm,CANDIDATE,SMT,footprint present; SYMBOL MISSING -> draw from datasheet pin table,NO,address 0x40 (A0=A1=GND)
U3,1,Wide-input buck 12 V -> 3.3 V,Texas Instruments,LMR14006 family (suffix TBD) / fallback TPS54202DDCR,custom (LMR14006) / Regulator_Switching:TPS54202DDC,Package_TO_SOT_SMD:SOT-23-6,CANDIDATE,SMT,TPS54202DDC symbol present; LMR14006 missing,NO,"direct 3.3 V, no 5 V rail; FB divider values after datasheet"
L1,1,"Inductor, shielded, value/Isat per datasheet",Bourns,SRN6045TA-100M (10 uH) placeholder,Device:L,Inductor_SMD:L_Bourns_SRN6045TA,CANDIDATE,SMT,footprint present,NO,value/Isat per chosen buck
FB1,1,Ferrite bead 600 ohm @100 MHz (3V3A),Murata,BLM18PG601SN1D,Device:FerriteBead,Inductor_SMD:L_0603_1608Metric,CANDIDATE,SMT,present,NO,current rating vs 3V3A load
"U4,U5",2,"Optocoupler DIP-4 (RELAY_FB, ESTOP_SENSE)",Vishay,VO610A-1,custom (4-pin opto; Isolator:* generic ok),Package_DIP:DIP-4_W7.62mm,PURCHASED,THT,footprint present; confirm package on the invoice,NO,exactly 2 owned (buy spares); network values frozen only after official CTR data
"D_FB1,D_ES1",2,"Small-signal diode, LED reverse clamp",onsemi,1N4148,Device:D,Diode_THT:D_DO-35_SOD27_P7.62mm_Horizontal,PURCHASED,THT,present,NO,K = pin 1 in KiCad symbol; confirm THT package on invoice
Q1,1,N-MOSFET SMD logic-level >=60 V (relay low side),TBD (acceptance criteria in calculations 3),TBD,Device:Q_NMOS_GSD,SOT-23/SOT-223 per part,OPEN,SMT,-,NO,replaces IRLZ44N by decision; RDS(on) specified at 2.5-3.3 V gate required
R_G,1,Gate resistor 220 ohm 1 %,Vishay Dale,CRCW0805220RFKEA,Device:R,Resistor_SMD:R_0805_2012Metric,CANDIDATE,SMT,present,NO,
R_PD,1,Gate pull-down 10 kohm 1 %,Vishay Dale,CRCW080510K0FKEA,Device:R,Resistor_SMD:R_0805_2012Metric,CANDIDATE,SMT,present,NO,Q1 default OFF
D_FLY,1,Coil flyback rectifier 3 A 1000 V,onsemi,1N5408G,Device:D,Diode_THT:D_DO-201AD_P15.24mm_Horizontal,PURCHASED,THT,present,NO,K on COIL_V. First article = plain diode; series link R_FLY (0 ohm) + DNP TVS footprint for fast release
R_FLY,1,0 ohm link in series with flyback (DNP-TVS option),Vishay Dale,CRCW08050000Z0EA,Device:R,Resistor_SMD:R_0805_2012Metric,CANDIDATE,SMT,present,NO,TVS only after relay release-time and MOSFET VDSS verified
D_ARM,0,(none) ARM_SENSE has no clamp: 1k + 100 nF only,-,-,-,-,-,-,-,-,see calculations 5
"R_ARM1,R_ARM2",2,ARM divider 270 kohm / 100 kohm 1 %,Vishay Dale,CRCW0805270KFKEA / CRCW0805100KFKEA,Device:R,Resistor_SMD:R_0805_2012Metric,CANDIDATE,SMT,present,NO,PC10 must be 5 V tolerant; else ratio <=0.22
"R_DIV1,R_DIV2",2,ADC divider top 75 kohm 0.1 % 25 ppm,Vishay Dale,TNPW080575K0BEEA,Device:R,Resistor_SMD:R_0805_2012Metric,CANDIDATE,SMT,present,NO,suffix BE = 0.1 %/25 ppm to confirm
R_DIV3,1,ADC divider bottom 10 kohm 0.1 % 25 ppm,Vishay Dale,TNPW080510K0BEEA,Device:R,Resistor_SMD:R_0805_2012Metric,CANDIDATE,SMT,present,NO,
D_ADC,1,ADC tap clamp to GND only (low-leakage),Nexperia/onsemi,"BAT54 / 1N4148WS class, TBD",Diode:BAT54,Package_TO_SOT_SMD:SOT-23,OPEN,SMT,BAT54 symbol present,NO,no upper clamp; leakage error at 2.75 V from datasheet
R_BLEED,1,3V3A bleeder 3.3 kohm (DNP),Vishay Dale,CRCW08053K30FKEA,Device:R,Resistor_SMD:R_0805_2012Metric,CANDIDATE,SMT (DNP),present,NO,fit only if PA1 shows an upper protection diode
"TVS1,TVS2",2,"TVS 48 V 1500 W (PACK_INA, IN+)",Bourns,1.5SMBJ48A,Device:D_TVS,Diode_SMD:D_SMB,PURCHASED,SMT,present; K = pin 1,NO,clamp ~77 V vs INA228 85 V abs max (thin margin); consider TVS also on PACK_ADC
D1,1,TVS 15 V 600 W (12 V rail),Littelfuse,SMBJ15A,Device:D_TVS,Diode_SMD:D_SMB,PURCHASED,SMT,present,NO,
D2,1,"Series Schottky, reverse polarity (SMD)",Vishay,"SS14-class, suffix TBD",Device:D_Schottky,Diode_SMD:D_SMA,OPEN,SMT,present,NO,"SB560-E3/73 (THT, owned) is the fallback"
F1,1,Fuse 1 A fast 1206 >=32 VDC,Littelfuse,0453001.MR,Device:Fuse,Fuse:Fuse_1206_3216Metric,CANDIDATE,SMT,present,NO,
C_IN,1,"12 V bulk, >=35 V",TBD,TBD,Device:C_Polarized,per part,OPEN,-,-,NO,25 V parts are marginal vs the 24.4 V TVS clamp
C_BUCK,1,10 uF 50 V X7R 1210 buck input,Murata,GRM32ER71H106KA12L,Device:C,Capacitor_SMD:C_1210_3225Metric,CANDIDATE,SMT,present,NO,DC-bias derating
C_100n*,25,"100 nF 25 V X7R 5 % (MCU, INA228, ISO7721, filters)",Vishay,VJ0805Y104JXXAT,Device:C,Capacitor_SMD:C_0805_2012Metric,PURCHASED,SMT,present,NO,ONLY 2 OWNED per Chat BOM note: PCBWay must source the rest (equivalent) or you buy a reel
C_misc,8,"4.7 uF/1 uF/10 uF X5R/X7R 0805, ratings per use",Murata,GRM21BR61A475KA73L / GRM21BR71C105KA01L / GRM21BR61A106KE19L,Device:C,Capacitor_SMD:C_0805_2012Metric,CANDIDATE,SMT,present,NO,
U6,1,USB-UART bridge,Silicon Labs,CP2102N-A02-GQFN24 (BOM) - KiCad library has QFN20 only,Interface_USB:CP2102N-Axx-xQFN20 (QFN20),Package_DFN_QFN:QFN-24-1EP_4x4mm_P0.5mm_EP2.6x2.6mm (QFN24) or QFN-20,CANDIDATE,SMT,PACKAGE MISMATCH library QFN20 vs BOM QFN24: choose package from datasheet,NO,"host side, powered from USB VBUS (isolated)"
U7,1,Digital isolator 1 fwd/1 rev,Texas Instruments,ISO7721DR,custom,Package_SO:SOIC-8_3.9x4.9mm_P1.27mm,CANDIDATE,SMT,footprint present; symbol missing,NO,"default output state, supply ranges from datasheet"
U8,1,USB ESD,STMicroelectronics,USBLC6-2SC6,Power_Protection:USBLC6-2SC6,Package_TO_SOT_SMD:SOT-23-6,CANDIDATE,SMT,symbol present (USBLC6-2P6 and -2SC6 variants to check),NO,
J8,1,USB-C receptacle USB 2.0 16-pin,GCT,USB4105-GF-A,Connector:USB_C_Receptacle_USB2.0,Connector_USB:USB_C_Receptacle_GCT_USB4105-xx-A_16P_TopMnt_Horizontal,CANDIDATE,SMT+THT,present,NO,2 x 5.1 k on CC
"R_CC1,R_CC2",2,CC pull-downs 5.1 kohm,Vishay Dale,CRCW08055K10FKEA,Device:R,Resistor_SMD:R_0805_2012Metric,CANDIDATE,SMT,present,NO,
"J1,J2,J3,J4",4,"2-pos screw terminal 5.00 mm (12V_IN, ESTOP, ARM, COIL)",Adam Tech,EB21A-02-C,custom,custom from Adam Tech drawing (pitch 5.00 mm),PURCHASED,THT,footprint must be drawn from the manufacturer drawing,NO,5 owned; polarity by silkscreen; not keyed
J5,1,"3-pos KK 254 (IN+, IN-, SHIELD)",Molex,22-27-2031,Connector_Generic:Conn_01x03,Connector_Molex:Molex_KK-254_AE-6410-03A_1x03_P2.54mm_Vertical,CANDIDATE,THT,present,NO,mate 22-01-3037 + 08-50-0114
J6,1,"4-pos KK 254 (PACK_INA, PACK_ADC, RELAY_OUT, GND_SENSE)",Molex,22-27-2041,Connector_Generic:Conn_01x04,Connector_Molex:Molex_KK-254_AE-6410-04A_1x04_P2.54mm_Vertical,CANDIDATE,THT,present,NO,mate 22-01-3047
J7,1,"4-pos JST PH (3V3, SDA2, SCL2, GND)",JST,B4B-PH-K-S,Connector_Generic:Conn_01x04,Connector_JST:JST_PH_B4B-PH-K_1x04_P2.00mm_Vertical,CANDIDATE,THT,present,NO,mate PHR-4
J9,1,SWD 2x5 1.27 mm shrouded keyed,Samtec,FTSH-105-01-L-DV-K,Connector:Conn_ARM_JTAG_SWD_10,Connector_PinHeader_1.27mm:PinHeader_2x05_P1.27mm_Vertical_SMD,CANDIDATE,SMT,present,NO,Nucleo ST-LINK as probe via jumper wires
TEMP PROBE,1,TC74A5-3.3VAT TO-220-5 + VJ0805Y104JXXAT at VDD on a separate probe PCB,Microchip,TC74A5-3.3VAT,custom,Package_TO_SOT_THT:TO-220-5_Vertical,PURCHASED,customer-fit,present (TO-220-5),NO,pin map from datasheet; 2 owned
SW1,1,Reset tactile switch,C&K,PTS810SJM250SMTRLFS,Switch:SW_Push,Button_Switch_SMD:SW_SPST_PTS810,CANDIDATE,SMT,present,NO,
JP1,1,BOOT0 2-pin header + jumper,Samtec,TSW-102-07-G-S,Connector_Generic:Conn_01x02,Connector_PinHeader_2.54mm:PinHeader_1x02_P2.54mm_Vertical,CANDIDATE,THT,present,NO,BOOT0 10 k pull-down
"D3,D4",2,"LED green 0805 (3V3, heartbeat PA5)",Wurth Elektronik,150080GS75000,Device:LED,LED_SMD:LED_0805_2012Metric,CANDIDATE,SMT,present,NO,
D5,1,LED amber 0805 coil-energized (COIL_V-2.2k-LED-COIL_SW),Wurth Elektronik,150080AS75000,Device:LED,LED_SMD:LED_0805_2012Metric,CANDIDATE,SMT,present,NO,lights only while Q1 conducts
R_misc,24,"1 % 0805 resistors: 1 k x4, 10 k x4, 4.7 k x2 (I2C), 100 R x2, 2.2 k, 5.1 k etc. per sheet",Vishay Dale,CRCW0805xxxxFKEA series,Device:R,Resistor_SMD:R_0805_2012Metric,CANDIDATE,SMT,present,NO,exact values listed when schematic is drawn
TP1-TP24,24,Test point pad 1.5 mm,-,(PCB feature),Connector:TestPoint,TestPoint:TestPoint_Pad_D1.5mm,,PCB,present,n/a,list in architecture 11; no 5 V test point
MH1-MH4,4,M3 mounting hole,-,(PCB feature),Mechanical:MountingHole,MountingHole:MountingHole_3.2mm_M3_Pad,,PCB,present,n/a,"isolated, plastic standoffs"
FID1-FID3,3,Fiducial 1 mm,-,(PCB feature),Mechanical:Fiducial,Fiducial:Fiducial_1mm_Mask2mm,,PCB,present,n/a,
