Ref,Val,Package,PosX,PosY,Rot,Side
"C1","10uF 50V","C_1210_3225Metric",137.000000,-72.000000,180.000000,top
"C2","10uF 50V","C_1210_3225Metric",131.500000,-82.500000,-90.000000,top
"C3","100nF","C_0603_1608Metric",131.500000,-74.500000,180.000000,top
"C4","100nF (bootstrap)","C_0603_1608Metric",127.500000,-78.000000,-90.000000,top
"C5","22uF","C_0805_2012Metric",142.500000,-77.500000,90.000000,top
"C6","22uF","C_0805_2012Metric",143.000000,-81.500000,-90.000000,top
"C7","4.7uF","C_0805_2012Metric",147.000000,-103.500000,180.000000,top
"C8","100nF","C_0603_1608Metric",148.500000,-106.000000,180.000000,top
"C10","100nF","C_0603_1608Metric",154.500000,-109.500000,180.000000,top
"C11","100nF","C_0603_1608Metric",161.000000,-109.500000,180.000000,top
"C12","100nF","C_0603_1608Metric",153.500000,-92.500000,180.000000,top
"C13","100nF","C_0603_1608Metric",166.000000,-95.500000,90.000000,top
"C14","100nF","C_0603_1608Metric",150.000000,-95.500000,90.000000,top
"C15","4.7uF","C_0805_2012Metric",157.500000,-92.500000,0.000000,top
"C16","1uF","C_0805_2012Metric",149.000000,-109.000000,-90.000000,top
"C17","100nF","C_0603_1608Metric",150.000000,-99.000000,90.000000,top
"C18","100nF","C_0603_1608Metric",148.000000,-96.500000,90.000000,top
"C19","4.7nF 100V","C_0805_2012Metric",190.000000,-87.500000,-90.000000,top
"C20","4.7uF","C_0805_2012Metric",181.000000,-93.500000,90.000000,top
"C21","100nF","C_0603_1608Metric",188.500000,-92.000000,90.000000,top
"C22","4.7uF","C_0805_2012Metric",180.000000,-90.000000,180.000000,top
"C23","100nF","C_0603_1608Metric",180.000000,-96.500000,180.000000,top
"C24","100nF","C_0603_1608Metric",169.500000,-90.000000,180.000000,top
"C25","100nF","C_0603_1608Metric",178.000000,-93.000000,-90.000000,top
"C26","100nF 50V","C_0603_1608Metric",123.000000,-124.500000,180.000000,top
"C27","100nF","C_0603_1608Metric",125.000000,-131.000000,180.000000,top
"C28","100nF 50V","C_0603_1608Metric",129.500000,-125.000000,90.000000,top
"C29","100nF","C_0603_1608Metric",145.500000,-106.500000,-90.000000,top
"C30","10nF","C_0603_1608Metric",154.000000,-112.500000,-90.000000,top
"C31","10nF","C_0603_1608Metric",166.500000,-104.000000,-90.000000,top
"C32","100nF","C_0603_1608Metric",165.000000,-92.000000,90.000000,top
"C33","100nF","C_0603_1608Metric",181.500000,-142.500000,180.000000,top
"C34","100nF","C_0603_1608Metric",141.000000,-114.000000,-90.000000,top
"D1","SMBJ15A","D_SMB",140.000000,-67.500000,0.000000,top
"D2","SS14","D_SMA",132.500000,-67.000000,0.000000,top
"D3","3V3 ON","LED_0805_2012Metric",138.500000,-86.000000,90.000000,top
"D4","HEARTBEAT","LED_0805_2012Metric",157.500000,-113.000000,0.000000,top
"D5","1.5SMBJ48A","D_SMB",108.000000,-136.500000,180.000000,top
"D6","1.5SMBJ48A","D_SMB",116.500000,-134.000000,0.000000,top
"D7","1.5SMBJ48A","D_SMB",127.000000,-136.500000,180.000000,top
"D8","BAT54S","SOT-23",145.000000,-110.500000,0.000000,top
"D9","S1M","D_SMA",119.000000,-111.000000,90.000000,top
"D10","COIL ON","LED_0805_2012Metric",105.000000,-108.000000,0.000000,top
"D11","1N4148","D_DO-35_SOD27_P7.62mm_Horizontal",122.500000,-85.000000,90.000000,top
"D12","1N4148","D_DO-35_SOD27_P7.62mm_Horizontal",144.000000,-133.000000,90.000000,top
"D13","BAT54S","SOT-23",157.000000,-89.000000,-90.000000,top
"D14","BAT54S","SOT-23",144.500000,-114.500000,180.000000,top
"D15","1.5SMBJ48A","D_SMB",107.500000,-131.500000,180.000000,top
"D16","1.5SMBJ48A","D_SMB",114.000000,-127.500000,90.000000,top
"D17","1.5SMBJ48A","D_SMB",135.000000,-136.500000,0.000000,top
"D18","1.5SMBJ48A","D_SMB",144.500000,-143.000000,0.000000,top
"D19","1.5SMBJ48A","D_SMB",138.000000,-131.500000,0.000000,top
"D20","1.5SMBJ12CA","D_SMB",107.500000,-126.500000,0.000000,top
"F1","1A fast","Fuse_1206_3216Metric",125.000000,-67.000000,0.000000,top
"FB1","600R@100MHz","L_0603_1608Metric",150.000000,-102.500000,-90.000000,top
"FID1","FID","Fiducial_1mm_Mask2mm",110.000000,-62.500000,0.000000,top
"FID2","FID","Fiducial_1mm_Mask2mm",190.000000,-62.500000,0.000000,top
"FID3","FID","Fiducial_1mm_Mask2mm",160.000000,-148.000000,0.000000,top
"J1","12V_IN","EB21A-02-C",112.500000,-72.000000,0.000000,top
"J2","ESTOP","EB21A-02-C",112.500000,-87.000000,0.000000,top
"J3","ARM","EB21A-02-C",112.500000,-99.000000,0.000000,top
"J4","K1_COIL","EB21A-02-C",112.500000,-111.000000,0.000000,top
"J5","SHUNT_KELVIN","Molex_KK-254_AE-6410-03A_1x03_P2.54mm_Vertical",114.000000,-143.000000,0.000000,top
"J6","PACK_SENSE","Molex_KK-254_AE-6410-04A_1x04_P2.54mm_Vertical",131.000000,-143.000000,0.000000,top
"J7","TEMP_PROBE","JST_PH_B4B-PH-K_1x04_P2.00mm_Vertical",182.000000,-146.000000,0.000000,top
"J8","USB-C HOST","USB_C_Receptacle_GCT_USB4105-xx-A_16P_TopMnt_Horizontal",196.325000,-82.000000,90.000000,top
"J9","SWD","FTSH-105-01-L-DV-K",160.000000,-140.000000,0.000000,top
"JP1","BOOT0","PinHeader_1x02_P2.54mm_Vertical",150.000000,-130.000000,0.000000,top
"L1","10uH","L_Bourns_SRN6045TA",137.500000,-78.500000,0.000000,top
"Q1","IRLML0060","SOT-23",126.000000,-114.000000,0.000000,top
"R1","33.2k","R_0603_1608Metric",127.500000,-81.000000,0.000000,top
"R2","10k","R_0603_1608Metric",127.500000,-83.000000,180.000000,top
"R3","100k","R_0603_1608Metric",135.000000,-83.500000,180.000000,top
"R4","3.3k","R_0603_1608Metric",148.000000,-100.500000,90.000000,top
"R5","1k","R_0603_1608Metric",139.000000,-83.000000,180.000000,top
"R6","10k","R_0603_1608Metric",160.500000,-92.000000,90.000000,top
"R7","1k","R_0603_1608Metric",158.000000,-110.000000,-90.000000,top
"R8","5.1k","R_0603_1608Metric",190.000000,-83.000000,90.000000,top
"R9","5.1k","R_0603_1608Metric",189.500000,-80.000000,180.000000,top
"R10","1M","R_0603_1608Metric",193.500000,-88.500000,0.000000,top
"R11","10","R_0603_1608Metric",126.500000,-125.000000,180.000000,top
"R12","10","R_0603_1608Metric",128.500000,-128.500000,90.000000,top
"R13","10","R_0603_1608Metric",128.500000,-132.000000,90.000000,top
"R14","4.7k","R_0603_1608Metric",119.500000,-129.500000,90.000000,top
"R15","4.7k","R_0603_1608Metric",121.500000,-132.000000,90.000000,top
"R16","10k","R_0603_1608Metric",119.500000,-126.000000,-90.000000,top
"R17","75k 0.1%","R_0805_2012Metric",125.500000,-146.000000,180.000000,top
"R18","75k 0.1%","R_0805_2012Metric",124.000000,-143.500000,180.000000,top
"R19","10k 0.1%","R_0805_2012Metric",123.500000,-141.000000,0.000000,top
"R20","1k","R_0603_1608Metric",151.500000,-110.000000,90.000000,top
"R21","220","R_0603_1608Metric",124.500000,-111.000000,0.000000,top
"R22","10k","R_0603_1608Metric",122.500000,-114.000000,-90.000000,top
"R23","2.2k","R_0603_1608Metric",106.500000,-111.000000,90.000000,top
"R24","5.6k","R_0603_1608Metric",119.500000,-87.000000,-90.000000,top
"R25","47k","R_0603_1608Metric",145.000000,-101.000000,0.000000,top
"R26","4.7k","R_1206_3216Metric",146.500000,-147.000000,0.000000,top
"R27","4.7k","R_1206_3216Metric",150.500000,-146.000000,90.000000,top
"R28","4.7k","R_1206_3216Metric",151.000000,-142.000000,0.000000,top
"R29","47k","R_0603_1608Metric",166.000000,-100.500000,-90.000000,top
"R30","270k","R_0603_1608Metric",118.000000,-104.000000,90.000000,top
"R31","100k","R_0603_1608Metric",120.000000,-102.500000,90.000000,top
"R32","1k","R_0603_1608Metric",163.000000,-92.000000,-90.000000,top
"R33","100","R_0603_1608Metric",179.500000,-136.000000,-90.000000,top
"R34","100","R_0603_1608Metric",177.500000,-139.000000,0.000000,top
"R35","4.7k","R_0603_1608Metric",164.000000,-110.000000,90.000000,top
"R36","4.7k","R_0603_1608Metric",166.000000,-108.500000,90.000000,top
"R37","10k","R_0603_1608Metric",141.500000,-110.500000,90.000000,top
"R38","19.1k","R_0603_1608Metric",184.000000,-95.500000,0.000000,top
"R39","47.5k","R_0603_1608Metric",184.500000,-97.500000,180.000000,top
"R40","1k","R_0603_1608Metric",187.500000,-95.500000,0.000000,top
"R41","47","R_1206_3216Metric",127.500000,-142.000000,90.000000,top
"R42","10","R_1206_3216Metric",110.500000,-142.000000,90.000000,top
"R43","10","R_1206_3216Metric",115.500000,-138.000000,180.000000,top
"SW1","RESET","SW_SPST_PTS810",149.000000,-123.000000,0.000000,top
"U1","STM32L476RGT6","LQFP-64_10x10mm_P0.5mm",158.000000,-101.000000,0.000000,top
"U2","INA228","MSOP-10_3x3mm_P0.5mm",124.000000,-128.000000,0.000000,top
"U3","LMR14006Y","SOT-23-6",131.000000,-78.000000,0.000000,top
"U4","VO610A-1","DIP-4_W7.62mm",122.000000,-88.000000,0.000000,top
"U5","VO610A-1","DIP-4_W7.62mm",142.000000,-136.000000,0.000000,top
"U6","CP2102N","SiliconLabs_QFN-20-1EP_3x3mm_P0.5mm_EP1.8x1.8mm",185.000000,-92.000000,0.000000,top
"U7","ISO7721","SOIC-8_3.9x4.9mm_P1.27mm",173.000000,-94.000000,0.000000,top
"U9","USBLC6-2SC6","SOT-23-6",188.000000,-70.000000,0.000000,top
"U10","USBLC6-2SC6","SOT-23-6",176.000000,-136.000000,0.000000,top
