Item,Reference(s),Qty / board,Qty for 5 boards,Value,Description,Manufacturer,MPN,MPN suffix status,Package,Footprint,Evidence Status,Lifecycle,Primary Supplier,Supplier SKU,Stock Check Date,Approved Alternate,PCBWay Source / Consign,DNP,Notes
1,J1,1,5,12V_IN,"2-pos 5.00 mm right-angle screw terminal, 8 A / 300 V (footprint from Adam Tech drawing EB21A-XX-C rev B)",Adam Tech,EB21A-02-C,"confirmed (Adam Tech drawing EB21A-XX-C, read locally; owned part)",EB21A-02-C,OSBAMS_Rev2:EB21A-02-C,USER_RELAYED_MANUFACTURER,UNKNOWN (not checked),Mouser / Digi-Key (authorized) - NOT QUERIED,NOT CHECKED (distributor sites unreachable from the build environment),NOT CHECKED,"Phoenix MKDS 1/2-5,08 (different footprint) (UNVERIFIED alternate)",CONSIGN (owned: 5) or PCBWay source,no,"Pin 1 +12 V, pin 2 GND. XDR-75-12 set to 12.0 V"
2,F1,1,5,1A fast,1 A fast fuse 1206 32 V,Littelfuse,0453001.MR,orderable suffix NOT yet confirmed against a distributor/manufacturer listing,1206,Fuse:Fuse_1206_3216Metric,UNVERIFIED,UNKNOWN (not checked),Mouser / Digi-Key (authorized) - NOT QUERIED,NOT CHECKED (distributor sites unreachable from the build environment),NOT CHECKED,Littelfuse 0466001.NR (UNVERIFIED alternate),PCBWay source,no,
3,D2,1,5,SS14,1 A 40 V Schottky SMA (series reverse-polarity),Vishay,SS14-E3/61T,orderable suffix NOT yet confirmed against a distributor/manufacturer listing,SMA,Diode_SMD:D_SMA,UNVERIFIED,UNKNOWN (not checked),Mouser / Digi-Key (authorized) - NOT QUERIED,NOT CHECKED (distributor sites unreachable from the build environment),NOT CHECKED,Diodes Inc SS14-13-F (UNVERIFIED alternate),PCBWay source,no,
4,D1,1,5,SMBJ15A,Unidirectional TVS 15 V standoff 600 W (K = pin 1),Littelfuse,SMBJ15A,orderable suffix NOT yet confirmed against a distributor/manufacturer listing,SMB,Diode_SMD:D_SMB,USER_RELAYED_MANUFACTURER,UNKNOWN (not checked),Mouser / Digi-Key (authorized) - NOT QUERIED,NOT CHECKED (distributor sites unreachable from the build environment),NOT CHECKED,Bourns SMBJ15A-Q (UNVERIFIED alternate),CONSIGN or PCBWay source,no,
5,"C1, C2",2,10,10uF 50V,10 uF 50 V X7R 1210 (12 V rail / buck input),Murata,GRM32ER71H106KA12L,orderable suffix NOT yet confirmed against a distributor/manufacturer listing,1210,Capacitor_SMD:C_1210_3225Metric,UNVERIFIED,UNKNOWN (not checked),Mouser / Digi-Key (authorized) - NOT QUERIED,NOT CHECKED (distributor sites unreachable from the build environment),NOT CHECKED,TDK C3225X7R1H106K250AC (UNVERIFIED alternate),PCBWay source,no,
6,U3,1,5,LMR14006Y,LMR14006Y 4-40 V 0.6 A 2.1 MHz buck SOT-23-6 (PIN MAP UNVERIFIED),Texas Instruments,LMR14006YDDCR,orderable suffix NOT yet confirmed against a distributor/manufacturer listing,SOT-23-6,Package_TO_SOT_SMD:SOT-23-6,USER_RELAYED_MANUFACTURER,ACTIVE (user-confirmed),Mouser / Digi-Key (authorized) - NOT QUERIED,NOT CHECKED (distributor sites unreachable from the build environment),NOT CHECKED,LMR14006XDDCR (700 kHz variant: inductor change) (UNVERIFIED alternate),PCBWay source,no,
7,"C3, C8, C10, C11, C12, C13, C14, C17, C18, C21, C23, C24, C25, C27, C29, C32, C33, C34",18,90,100nF,100 nF 50 V X7R 0603,Murata,GRM188R71H104KA93D,orderable suffix NOT yet confirmed against a distributor/manufacturer listing,0603,Capacitor_SMD:C_0603_1608Metric,UNVERIFIED,UNKNOWN (not checked),Mouser / Digi-Key (authorized) - NOT QUERIED,NOT CHECKED (distributor sites unreachable from the build environment),NOT CHECKED,Samsung CL10B104KB8NNNC (UNVERIFIED alternate),PCBWay source,no,At J7; INA228 VS; ISO7721 VCC1; ISO7721 VCC2; VBAT pin 1; VDD pin 19; VDD pin 32; VDD pin 64; VDDA; VDDUSB pin 48
8,C4,1,5,100nF (bootstrap),100 nF 50 V X7R 0603,Murata,GRM188R71H104KA93D,orderable suffix NOT yet confirmed against a distributor/manufacturer listing,0603,Capacitor_SMD:C_0603_1608Metric,UNVERIFIED,UNKNOWN (not checked),Mouser / Digi-Key (authorized) - NOT QUERIED,NOT CHECKED (distributor sites unreachable from the build environment),NOT CHECKED,Samsung CL10B104KB8NNNC (UNVERIFIED alternate),PCBWay source,no,
9,L1,1,5,10uH,"10 uH shielded inductor 6x6 mm (10 uH +/-20 %, DCR 52 mohm, Irms 3.2 A, Isat 4.6 A: Bourns datasheet read locally)",Bourns,SRN6045TA-100M,"confirmed (Bourns datasheet table, read locally)",L_Bourns_SRN6045TA,Inductor_SMD:L_Bourns_SRN6045TA,VERIFIED_LOCAL,UNKNOWN (not checked),Mouser / Digi-Key (authorized) - NOT QUERIED,NOT CHECKED (distributor sites unreachable from the build environment),NOT CHECKED,Wurth 744043100 (UNVERIFIED alternate),PCBWay source,no,
10,R1,1,5,33.2k,33.2k 1 % thick film 0603,Vishay Dale,CRCW060333K2FKEA,orderable suffix NOT yet confirmed against a distributor/manufacturer listing,0603,Resistor_SMD:R_0603_1608Metric,UNVERIFIED,UNKNOWN (not checked),Mouser / Digi-Key (authorized) - NOT QUERIED,NOT CHECKED (distributor sites unreachable from the build environment),NOT CHECKED,Yageo RC0603-FR-07 series (UNVERIFIED alternate),PCBWay source,no,
11,"R2, R6, R16, R22, R37",5,25,10k,10k 1 % thick film 0603,Vishay Dale,CRCW060310K0FKEA,orderable suffix NOT yet confirmed against a distributor/manufacturer listing,0603,Resistor_SMD:R_0603_1608Metric,UNVERIFIED,UNKNOWN (not checked),Mouser / Digi-Key (authorized) - NOT QUERIED,NOT CHECKED (distributor sites unreachable from the build environment),NOT CHECKED,Yageo RC0603-FR-07 series (UNVERIFIED alternate),PCBWay source,no,Bleeds the isolated clamp rail; Default OFF
12,"R3, R31",2,10,100k,100k 1 % thick film 0603,Vishay Dale,CRCW0603100KFKEA,orderable suffix NOT yet confirmed against a distributor/manufacturer listing,0603,Resistor_SMD:R_0603_1608Metric,UNVERIFIED,UNKNOWN (not checked),Mouser / Digi-Key (authorized) - NOT QUERIED,NOT CHECKED (distributor sites unreachable from the build environment),NOT CHECKED,Yageo RC0603-FR-07 series (UNVERIFIED alternate),PCBWay source,no,
13,"C5, C6",2,10,22uF,22 uF 10 V X5R 0805 (derates ~50 % at 3.3 V),Murata,GRM21BR61A226ME44L,orderable suffix NOT yet confirmed against a distributor/manufacturer listing,0805,Capacitor_SMD:C_0805_2012Metric,UNVERIFIED,UNKNOWN (not checked),Mouser / Digi-Key (authorized) - NOT QUERIED,NOT CHECKED (distributor sites unreachable from the build environment),NOT CHECKED,Samsung CL21A226MPQNNNE (UNVERIFIED alternate),PCBWay source,no,
14,FB1,1,5,600R@100MHz,Ferrite bead 600 ohm @ 100 MHz 0603,Murata,BLM18PG601SN1D,orderable suffix NOT yet confirmed against a distributor/manufacturer listing,0603,Inductor_SMD:L_0603_1608Metric,UNVERIFIED,UNKNOWN (not checked),Mouser / Digi-Key (authorized) - NOT QUERIED,NOT CHECKED (distributor sites unreachable from the build environment),NOT CHECKED,TDK MMZ1608B601CTAH0 (UNVERIFIED alternate),PCBWay source,no,
15,"C7, C15, C20, C22",4,20,4.7uF,4.7 uF 10 V X5R 0805,Murata,GRM21BR61A475KA73L,orderable suffix NOT yet confirmed against a distributor/manufacturer listing,0805,Capacitor_SMD:C_0805_2012Metric,UNVERIFIED,UNKNOWN (not checked),Mouser / Digi-Key (authorized) - NOT QUERIED,NOT CHECKED (distributor sites unreachable from the build environment),NOT CHECKED,Samsung CL21A475KPFNNNE (UNVERIFIED alternate),PCBWay source,no,"CP2102N VDD: 4.7 uF + 0.1 uF required per power pin (Silicon Labs datasheet, read locally)"
16,R4,1,5,3.3k,3.3k 1 % thick film 0603,Vishay Dale,CRCW06033K30FKEA,orderable suffix NOT yet confirmed against a distributor/manufacturer listing,0603,Resistor_SMD:R_0603_1608Metric,UNVERIFIED,UNKNOWN (not checked),Mouser / Digi-Key (authorized) - NOT QUERIED,NOT CHECKED (distributor sites unreachable from the build environment),NOT CHECKED,Yageo RC0603-FR-07 series (UNVERIFIED alternate),PCBWay source,no,Permanent bleeder: keeps 3V3A < 1 V if PACK+ back-feeds through PA1 with the board unpowered
17,"R5, R7, R20, R32, R40",5,25,1k,1k 1 % thick film 0603,Vishay Dale,CRCW06031K00FKEA,orderable suffix NOT yet confirmed against a distributor/manufacturer listing,0603,Resistor_SMD:R_0603_1608Metric,UNVERIFIED,UNKNOWN (not checked),Mouser / Digi-Key (authorized) - NOT QUERIED,NOT CHECKED (distributor sites unreachable from the build environment),NOT CHECKED,Yageo RC0603-FR-07 series (UNVERIFIED alternate),PCBWay source,no,"CP2102N RSTb 1 kOhm pull-up to VDD (Silicon Labs datasheet 2.1, read locally)"
18,D3,1,5,3V3 ON,LED green 0805,Wurth Elektronik,150080GS75000,orderable suffix NOT yet confirmed against a distributor/manufacturer listing,0805,LED_SMD:LED_0805_2012Metric,UNVERIFIED,UNKNOWN (not checked),Mouser / Digi-Key (authorized) - NOT QUERIED,NOT CHECKED (distributor sites unreachable from the build environment),NOT CHECKED,Kingbright APT2012SGC (UNVERIFIED alternate),PCBWay source,no,
19,U1,1,5,STM32L476RGT6,STM32L476RG MCU LQFP-64,STMicroelectronics,STM32L476RGT6,orderable suffix NOT yet confirmed against a distributor/manufacturer listing,LQFP-64,Package_QFP:LQFP-64_10x10mm_P0.5mm,USER_RELAYED_MANUFACTURER,UNKNOWN (not checked),Mouser / Digi-Key (authorized) - NOT QUERIED,NOT CHECKED (distributor sites unreachable from the build environment),NOT CHECKED,STM32L476RGT6TR (reel) (UNVERIFIED alternate),PCBWay source,no,
20,C16,1,5,1uF,1 uF 16 V X7R 0805,Murata,GRM21BR71C105KA01L,orderable suffix NOT yet confirmed against a distributor/manufacturer listing,0805,Capacitor_SMD:C_0805_2012Metric,UNVERIFIED,UNKNOWN (not checked),Mouser / Digi-Key (authorized) - NOT QUERIED,NOT CHECKED (distributor sites unreachable from the build environment),NOT CHECKED,Samsung CL21B105KOFNNNE (UNVERIFIED alternate),PCBWay source,no,VDDA
21,SW1,1,5,RESET,Tactile switch (reset),C&K,PTS810SJM250SMTRLFS,orderable suffix NOT yet confirmed against a distributor/manufacturer listing,SW_SPST_PTS810,Button_Switch_SMD:SW_SPST_PTS810,UNVERIFIED,UNKNOWN (not checked),Mouser / Digi-Key (authorized) - NOT QUERIED,NOT CHECKED (distributor sites unreachable from the build environment),NOT CHECKED,Wurth 434121025816 (UNVERIFIED alternate),PCBWay source,no,
22,JP1,1,5,BOOT0,2-pin header + jumper (BOOT0),Samtec,TSW-102-07-G-S,orderable suffix NOT yet confirmed against a distributor/manufacturer listing,PinHeader_1x02_P2.54mm_Vertical,Connector_PinHeader_2.54mm:PinHeader_1x02_P2.54mm_Vertical,UNVERIFIED,UNKNOWN (not checked),Mouser / Digi-Key (authorized) - NOT QUERIED,NOT CHECKED (distributor sites unreachable from the build environment),NOT CHECKED,Wurth 61300211121 (UNVERIFIED alternate),PCBWay source,no,Jumper fitted = ROM bootloader
23,D4,1,5,HEARTBEAT,LED green 0805,Wurth Elektronik,150080GS75000,orderable suffix NOT yet confirmed against a distributor/manufacturer listing,0805,LED_SMD:LED_0805_2012Metric,UNVERIFIED,UNKNOWN (not checked),Mouser / Digi-Key (authorized) - NOT QUERIED,NOT CHECKED (distributor sites unreachable from the build environment),NOT CHECKED,Kingbright APT2012SGC (UNVERIFIED alternate),PCBWay source,no,
24,J9,1,5,SWD,Cortex-debug 2x5 1.27 mm shrouded keyed header,Samtec,FTSH-105-01-L-DV-K,"confirmed (Samtec FTSH catalog part-number decode, read locally)",PinHeader_2x05_P1.27mm_Vertical_SMD,Connector_PinHeader_1.27mm:PinHeader_2x05_P1.27mm_Vertical_SMD,UNVERIFIED,UNKNOWN (not checked),Mouser / Digi-Key (authorized) - NOT QUERIED,NOT CHECKED (distributor sites unreachable from the build environment),NOT CHECKED,Harwin M50-3600542 (UNVERIFIED alternate),PCBWay source,no,
25,J8,1,5,USB-C HOST,USB-C 2.0 receptacle 16-pin,GCT,USB4105-GF-A,orderable suffix NOT yet confirmed against a distributor/manufacturer listing,USB_C_Receptacle_GCT_USB4105-xx-A_16P_TopMnt_Horizontal,Connector_USB:USB_C_Receptacle_GCT_USB4105-xx-A_16P_TopMnt_Horizontal,UNVERIFIED,UNKNOWN (not checked),Mouser / Digi-Key (authorized) - NOT QUERIED,NOT CHECKED (distributor sites unreachable from the build environment),NOT CHECKED,Korean Hroparts TYPE-C-31-M-12 (UNVERIFIED alternate),PCBWay source,no,
26,"R8, R9",2,10,5.1k,5.1k 1 % thick film 0603,Vishay Dale,CRCW06035K10FKEA,orderable suffix NOT yet confirmed against a distributor/manufacturer listing,0603,Resistor_SMD:R_0603_1608Metric,UNVERIFIED,UNKNOWN (not checked),Mouser / Digi-Key (authorized) - NOT QUERIED,NOT CHECKED (distributor sites unreachable from the build environment),NOT CHECKED,Yageo RC0603-FR-07 series (UNVERIFIED alternate),PCBWay source,no,
27,R10,1,5,1M,1M 1 % thick film 0603,Vishay Dale,CRCW06031M00FKEA,orderable suffix NOT yet confirmed against a distributor/manufacturer listing,0603,Resistor_SMD:R_0603_1608Metric,UNVERIFIED,UNKNOWN (not checked),Mouser / Digi-Key (authorized) - NOT QUERIED,NOT CHECKED (distributor sites unreachable from the build environment),NOT CHECKED,Yageo RC0603-FR-07 series (UNVERIFIED alternate),PCBWay source,no,
28,C19,1,5,4.7nF 100V,4.7 nF 100 V X7R 0805 (USB shield),Murata,GRM21BR72A472KA01L,orderable suffix NOT yet confirmed against a distributor/manufacturer listing,0805,Capacitor_SMD:C_0805_2012Metric,UNVERIFIED,UNKNOWN (not checked),Mouser / Digi-Key (authorized) - NOT QUERIED,NOT CHECKED (distributor sites unreachable from the build environment),NOT CHECKED,TDK C2012X7R2A472K125AA (UNVERIFIED alternate),PCBWay source,no,
29,"U9, U10",2,10,USBLC6-2SC6,2-line ESD protection SOT-23-6,STMicroelectronics,USBLC6-2SC6,orderable suffix NOT yet confirmed against a distributor/manufacturer listing,SOT-23-6,Package_TO_SOT_SMD:SOT-23-6,UNVERIFIED,UNKNOWN (not checked),Mouser / Digi-Key (authorized) - NOT QUERIED,NOT CHECKED (distributor sites unreachable from the build environment),NOT CHECKED,Nexperia IP4220CZ6 (UNVERIFIED alternate),PCBWay source,no,2-channel ESD on the probe cable lines
30,U6,1,5,CP2102N,CP2102N USB-UART bridge QFN-20 3x3,Silicon Labs,CP2102N-A02-GQFN20,"confirmed (Silicon Labs datasheet ordering table, read locally)",QFN-20,Package_DFN_QFN:SiliconLabs_QFN-20-1EP_3x3mm_P0.5mm_EP1.8x1.8mm,VERIFIED_LOCAL,UNKNOWN (not checked),Mouser / Digi-Key (authorized) - NOT QUERIED,NOT CHECKED (distributor sites unreachable from the build environment),NOT CHECKED,CP2102N-A02-GQFN24 (needs QFN24 footprint) (UNVERIFIED alternate),PCBWay source,no,
31,R38,1,5,19.1k,19.1k 1 % thick film 0603,Vishay Dale,CRCW060319K1FKEA,orderable suffix NOT yet confirmed against a distributor/manufacturer listing,0603,Resistor_SMD:R_0603_1608Metric,UNVERIFIED,UNKNOWN (not checked),Mouser / Digi-Key (authorized) - NOT QUERIED,NOT CHECKED (distributor sites unreachable from the build environment),NOT CHECKED,Yageo RC0603-FR-07 series (UNVERIFIED alternate),PCBWay source,no,CP2102N VBUS sense divider upper resistor: Silicon Labs reference uses 22.1 k; 19.1 k gives positive margin to VIH = VDD-0.6 V at VBUS 4.40 V / VDD 3.6 V / 1 % resistors (see calculations 8)
32,R39,1,5,47.5k,47.5k 1 % thick film 0603,Vishay Dale,CRCW060347K5FKEA,orderable suffix NOT yet confirmed against a distributor/manufacturer listing,0603,Resistor_SMD:R_0603_1608Metric,UNVERIFIED,UNKNOWN (not checked),Mouser / Digi-Key (authorized) - NOT QUERIED,NOT CHECKED (distributor sites unreachable from the build environment),NOT CHECKED,Yageo RC0603-FR-07 series (UNVERIFIED alternate),PCBWay source,no,CP2102N VBUS sense divider lower resistor (Silicon Labs reference value)
33,U7,1,5,ISO7721,ISO7721 dual-channel digital isolator 1 fwd / 1 rev SOIC-8 (no isolated power),Texas Instruments,ISO7721DR,"confirmed (TI datasheet ordering table, read locally)",SOIC-8,Package_SO:SOIC-8_3.9x4.9mm_P1.27mm,VERIFIED_LOCAL,UNKNOWN (not checked),Mouser / Digi-Key (authorized) - NOT QUERIED,NOT CHECKED (distributor sites unreachable from the build environment),NOT CHECKED,ISO7721DWR (wide body) (UNVERIFIED alternate),PCBWay source,no,"Channel A (INA pin 7, host side) -> OUTA pin 2 (MCU RX); channel B (INB pin 3 <- MCU TX) -> OUTB pin 6 (CP2102N RXD)"
34,J5,1,5,SHUNT_KELVIN,KK 254 3-pos vertical header (mate 22-01-3037 + 08-50-0114),Molex,22-27-2031,orderable suffix NOT yet confirmed against a distributor/manufacturer listing,Molex_KK-254_AE-6410-03A_1x03_P2.54mm_Vertical,Connector_Molex:Molex_KK-254_AE-6410-03A_1x03_P2.54mm_Vertical,UNVERIFIED,UNKNOWN (not checked),Mouser / Digi-Key (authorized) - NOT QUERIED,NOT CHECKED (distributor sites unreachable from the build environment),NOT CHECKED,Molex 22-23-2031 (UNVERIFIED alternate),PCBWay source,no,"1 IN+, 2 IN-, 3 cable shield (shield joined to GND at this end only)"
35,"R42, R43",2,10,10,10 ohm 1 % 1206 anti-surge (pulse-withstanding) thick film: pack-sense surge limiting,Panasonic,ERJ-P08F10R0V,matches the Panasonic part-number scheme (catalog read locally); distributor listing not checked,1206,Resistor_SMD:R_1206_3216Metric,UNVERIFIED,UNKNOWN (not checked),Mouser / Digi-Key (authorized) - NOT QUERIED,NOT CHECKED (distributor sites unreachable from the build environment),NOT CHECKED,Vishay CRCW1206 pulse-rated series / Bourns CR1206-FX-pulse series (pulse rating to be confirmed) (UNVERIFIED alternate),PCBWay source (orderable suffix to be confirmed),no,Surge-limiting series resistor UPSTREAM of the TVS (Rev.1.2): limits TVS current; 10 ohm + existing 10 ohm = 20 ohm per Kelvin line; Surge-limiting series resistor UPSTREAM of the TVS (matched to R42)
36,"D5, D6, D7",3,15,1.5SMBJ48A,Unidirectional TVS 48 V standoff 1500 W (K = pin 1),Bourns,1.5SMBJ48A,"confirmed (Bourns datasheet table, read locally)",SMB,Diode_SMD:D_SMB,USER_RELAYED_MANUFACTURER,UNKNOWN (not checked),Mouser / Digi-Key (authorized) - NOT QUERIED,NOT CHECKED (distributor sites unreachable from the build environment),NOT CHECKED,Littelfuse 1.5SMC / SMBJ48A (UNVERIFIED alternate),CONSIGN (owned: 2; 3 needed) or PCBWay source,no,
37,"D15, D16, D17, D18, D19",5,25,1.5SMBJ48A,"Connector-entry first-stage ESD/surge clamp, unidirectional 48 V standoff 1500 W (K = pin 1). Chosen for its low dynamic resistance (~1 ohm, verified clamp curve): a 200 W SOD-123FL 48 V part (~7 ohm) leaves 90-270 V across the series resistor in the RC1.3 ESD calculation",Bourns,1.5SMBJ48A,"confirmed (Bourns datasheet table, read locally)",SMB,Diode_SMD:D_SMB,USER_RELAYED_MANUFACTURER,UNKNOWN (not checked),Mouser / Digi-Key (authorized) - NOT QUERIED,NOT CHECKED (distributor sites unreachable from the build environment),NOT CHECKED,purpose-built >=48 V ESD diode with datasheet Rdyn <= 1 ohm (none identified from the supplied files) (UNVERIFIED alternate),CONSIGN (owned: 2; 8 needed incl. D5-D7) or PCBWay source,no,"RC1.3: fast ESD stage AT the connector entry (J5.1), before the pulse-rated series resistor R42; RC1.3: fast ESD stage AT the connector entry (J5.2), before R43; RC1.3: fast ESD stage AT the connector entry (J6.1), before R41; RC1.3: fast E"
38,D20,1,5,1.5SMBJ12CA,"Bidirectional TVS 12 V standoff 1500 W (INA228 IN+/IN- differential clamp; datasheet NOT supplied, values UNVERIFIED)",Bourns,1.5SMBJ12CA,orderable suffix NOT yet confirmed against a distributor/manufacturer listing,SMB,Diode_SMD:D_SMB,UNVERIFIED,UNKNOWN (not checked),Mouser / Digi-Key (authorized) - NOT QUERIED,NOT CHECKED (distributor sites unreachable from the build environment),NOT CHECKED,Littelfuse SMBJ12CA (600 W) / 1.5SMC12CA (UNVERIFIED alternate),PCBWay source,no,"RC1.3: INA228 IN+/IN- differential clamp, bidirectional, across the Kelvin pair after R42/R43 and the surge TVSs (limits one-sided hot-plug / open-lead differential stress to <40 V)"
39,"R11, R12, R13",3,15,10,10 1 % thick film 0603,Vishay Dale,CRCW060310R0FKEA,orderable suffix NOT yet confirmed against a distributor/manufacturer listing,0603,Resistor_SMD:R_0603_1608Metric,UNVERIFIED,UNKNOWN (not checked),Mouser / Digi-Key (authorized) - NOT QUERIED,NOT CHECKED (distributor sites unreachable from the build environment),NOT CHECKED,Yageo RC0603-FR-07 series (UNVERIFIED alternate),PCBWay source,no,
40,"C26, C28",2,10,100nF 50V,100 nF 50 V X7R 0603,Murata,GRM188R71H104KA93D,orderable suffix NOT yet confirmed against a distributor/manufacturer listing,0603,Capacitor_SMD:C_0603_1608Metric,UNVERIFIED,UNKNOWN (not checked),Mouser / Digi-Key (authorized) - NOT QUERIED,NOT CHECKED (distributor sites unreachable from the build environment),NOT CHECKED,Samsung CL10B104KB8NNNC (UNVERIFIED alternate),PCBWay source,no,Differential filter fc ~80 kHz
41,U2,1,5,INA228,INA228 85 V 20-bit I2C power monitor VSSOP-10 (PIN MAP UNVERIFIED),Texas Instruments,INA228AIDGSR,orderable suffix NOT yet confirmed against a distributor/manufacturer listing,MSOP-10,Package_SO:MSOP-10_3x3mm_P0.5mm,USER_RELAYED_MANUFACTURER,ACTIVE (user-confirmed),Mouser / Digi-Key (authorized) - NOT QUERIED,NOT CHECKED (distributor sites unreachable from the build environment),NOT CHECKED,INA228AIDGST (small reel) (UNVERIFIED alternate),PCBWay source,no,
42,R41,1,5,47,47 ohm 1 % 1206 anti-surge (pulse-withstanding) thick film: pack-sense surge limiting,Panasonic,ERJ-P08F47R0V,matches the Panasonic part-number scheme (catalog read locally); distributor listing not checked,1206,Resistor_SMD:R_1206_3216Metric,UNVERIFIED,UNKNOWN (not checked),Mouser / Digi-Key (authorized) - NOT QUERIED,NOT CHECKED (distributor sites unreachable from the build environment),NOT CHECKED,Vishay CRCW1206 pulse-rated series / Bourns CR1206-FX-pulse series (pulse rating to be confirmed) (UNVERIFIED alternate),PCBWay source (orderable suffix to be confirmed),no,Surge-limiting series resistor UPSTREAM of D7 (Rev.1.2): VBUS input draws ~50 uA so the DC error is negligible
43,"R14, R15, R35, R36",4,20,4.7k,4.7k 1 % thick film 0603,Vishay Dale,CRCW06034K70FKEA,orderable suffix NOT yet confirmed against a distributor/manufacturer listing,0603,Resistor_SMD:R_0603_1608Metric,UNVERIFIED,UNKNOWN (not checked),Mouser / Digi-Key (authorized) - NOT QUERIED,NOT CHECKED (distributor sites unreachable from the build environment),NOT CHECKED,Yageo RC0603-FR-07 series (UNVERIFIED alternate),PCBWay source,no,Fitted; 2.2k alternative for long cables
44,J6,1,5,PACK_SENSE,KK 254 4-pos vertical header (mate 22-01-3047 + 08-50-0114),Molex,22-27-2041,orderable suffix NOT yet confirmed against a distributor/manufacturer listing,Molex_KK-254_AE-6410-04A_1x04_P2.54mm_Vertical,Connector_Molex:Molex_KK-254_AE-6410-04A_1x04_P2.54mm_Vertical,UNVERIFIED,UNKNOWN (not checked),Mouser / Digi-Key (authorized) - NOT QUERIED,NOT CHECKED (distributor sites unreachable from the build environment),NOT CHECKED,Molex 22-23-2041 (UNVERIFIED alternate),PCBWay source,no,"1 PACK_INA (upstream of K1), 2 PACK_ADC (separate lead), 3 RELAY_OUT (K1 load side), 4 GND_SENSE = the single logic-GND / pack-negative bond"
45,"R17, R18",2,10,75k 0.1%,75k 0.1 % 25 ppm thin film 0805 (ADC divider),Vishay Dale,TNPW080575K0BEEA,orderable suffix NOT yet confirmed against a distributor/manufacturer listing,0805,Resistor_SMD:R_0805_2012Metric,USER_RELAYED_MANUFACTURER,UNKNOWN (not checked),Mouser / Digi-Key (authorized) - NOT QUERIED,NOT CHECKED (distributor sites unreachable from the build environment),NOT CHECKED,Susumu RG2012P-series 0.1 %/25 ppm (UNVERIFIED alternate),PCBWay source,no,
46,R19,1,5,10k 0.1%,10k 0.1 % 25 ppm thin film 0805 (ADC divider),Vishay Dale,TNPW080510K0BEEA,orderable suffix NOT yet confirmed against a distributor/manufacturer listing,0805,Resistor_SMD:R_0805_2012Metric,USER_RELAYED_MANUFACTURER,UNKNOWN (not checked),Mouser / Digi-Key (authorized) - NOT QUERIED,NOT CHECKED (distributor sites unreachable from the build environment),NOT CHECKED,Susumu RG2012P-series 0.1 %/25 ppm (UNVERIFIED alternate),PCBWay source,no,
47,"D8, D13, D14",3,15,BAT54S,Dual series Schottky SOT-23 (clamp),Nexperia,"BAT54S,215",orderable suffix NOT yet confirmed against a distributor/manufacturer listing,SOT-23,Package_TO_SOT_SMD:SOT-23,UNVERIFIED,UNKNOWN (not checked),Mouser / Digi-Key (authorized) - NOT QUERIED,NOT CHECKED (distributor sites unreachable from the build environment),NOT CHECKED,onsemi BAT54SLT1G (UNVERIFIED alternate),PCBWay source,no,ARM_SENSE clamp: source impedance 73 k -> back-feed < 60 uA; Blocks VCLAMP -> 3V3: PACK+ back-feed through D8 cannot reach the MCU rail; Lower clamp to GND; upper clamp to the ISOLATED rail VCLAMP (not 3V3)
48,J2,1,5,ESTOP,"2-pos 5.00 mm right-angle screw terminal, 8 A / 300 V (footprint from Adam Tech drawing EB21A-XX-C rev B)",Adam Tech,EB21A-02-C,"confirmed (Adam Tech drawing EB21A-XX-C, read locally; owned part)",EB21A-02-C,OSBAMS_Rev2:EB21A-02-C,USER_RELAYED_MANUFACTURER,UNKNOWN (not checked),Mouser / Digi-Key (authorized) - NOT QUERIED,NOT CHECKED (distributor sites unreachable from the build environment),NOT CHECKED,"Phoenix MKDS 1/2-5,08 (different footprint) (UNVERIFIED alternate)",CONSIGN (owned: 5) or PCBWay source,no,"Eaton M22-PV-K02 NC contact in series: pin 1 +12 V, pin 2 post-E-stop node"
49,J3,1,5,ARM,"2-pos 5.00 mm right-angle screw terminal, 8 A / 300 V (footprint from Adam Tech drawing EB21A-XX-C rev B)",Adam Tech,EB21A-02-C,"confirmed (Adam Tech drawing EB21A-XX-C, read locally; owned part)",EB21A-02-C,OSBAMS_Rev2:EB21A-02-C,USER_RELAYED_MANUFACTURER,UNKNOWN (not checked),Mouser / Digi-Key (authorized) - NOT QUERIED,NOT CHECKED (distributor sites unreachable from the build environment),NOT CHECKED,"Phoenix MKDS 1/2-5,08 (different footprint) (UNVERIFIED alternate)",CONSIGN (owned: 5) or PCBWay source,no,C&K T102SHZQE ARM switch in series
50,J4,1,5,K1_COIL,"2-pos 5.00 mm right-angle screw terminal, 8 A / 300 V (footprint from Adam Tech drawing EB21A-XX-C rev B)",Adam Tech,EB21A-02-C,"confirmed (Adam Tech drawing EB21A-XX-C, read locally; owned part)",EB21A-02-C,OSBAMS_Rev2:EB21A-02-C,USER_RELAYED_MANUFACTURER,UNKNOWN (not checked),Mouser / Digi-Key (authorized) - NOT QUERIED,NOT CHECKED (distributor sites unreachable from the build environment),NOT CHECKED,"Phoenix MKDS 1/2-5,08 (different footprint) (UNVERIFIED alternate)",CONSIGN (owned: 5) or PCBWay source,no,"Durakool DG57CM-5021-76-1012-R coil (12 V). Pin 1 +12 V side, pin 2 MOSFET drain"
51,Q1,1,5,IRLML0060,N-MOSFET 60 V SOT-23 logic-level (relay low side). RDS(on) not specified at 3.3 V: gate-drive check required,Infineon,IRLML0060TRPBF,orderable suffix NOT yet confirmed against a distributor/manufacturer listing,SOT-23,Package_TO_SOT_SMD:SOT-23,USER_RELAYED_MANUFACTURER,UNKNOWN (not checked),Mouser / Digi-Key (authorized) - NOT QUERIED,NOT CHECKED (distributor sites unreachable from the build environment),NOT CHECKED,Diodes DMN6140L-7 / AOS AO3400A (30 V) (UNVERIFIED alternate),PCBWay source,no,
52,R21,1,5,220,220 1 % thick film 0603,Vishay Dale,CRCW0603220RFKEA,orderable suffix NOT yet confirmed against a distributor/manufacturer listing,0603,Resistor_SMD:R_0603_1608Metric,UNVERIFIED,UNKNOWN (not checked),Mouser / Digi-Key (authorized) - NOT QUERIED,NOT CHECKED (distributor sites unreachable from the build environment),NOT CHECKED,Yageo RC0603-FR-07 series (UNVERIFIED alternate),PCBWay source,no,
53,D9,1,5,S1M,1 A 1000 V rectifier SMA (relay-coil flyback),Diodes Inc.,S1M-13-F,orderable suffix NOT yet confirmed against a distributor/manufacturer listing,SMA,Diode_SMD:D_SMA,UNVERIFIED,UNKNOWN (not checked),Mouser / Digi-Key (authorized) - NOT QUERIED,NOT CHECKED (distributor sites unreachable from the build environment),NOT CHECKED,onsemi/owned 1N5408G (THT) (UNVERIFIED alternate),PCBWay source,no,Flyback: cathode on +12 V side
54,R23,1,5,2.2k,2.2k 1 % thick film 0603,Vishay Dale,CRCW06032K20FKEA,orderable suffix NOT yet confirmed against a distributor/manufacturer listing,0603,Resistor_SMD:R_0603_1608Metric,UNVERIFIED,UNKNOWN (not checked),Mouser / Digi-Key (authorized) - NOT QUERIED,NOT CHECKED (distributor sites unreachable from the build environment),NOT CHECKED,Yageo RC0603-FR-07 series (UNVERIFIED alternate),PCBWay source,no,
55,D10,1,5,COIL ON,LED amber 0805,Wurth Elektronik,150080AS75000,orderable suffix NOT yet confirmed against a distributor/manufacturer listing,0805,LED_SMD:LED_0805_2012Metric,UNVERIFIED,UNKNOWN (not checked),Mouser / Digi-Key (authorized) - NOT QUERIED,NOT CHECKED (distributor sites unreachable from the build environment),NOT CHECKED,Kingbright APT2012SYC (UNVERIFIED alternate),PCBWay source,no,
56,R24,1,5,5.6k,5.6k 1 % thick film 0603,Vishay Dale,CRCW06035K60FKEA,orderable suffix NOT yet confirmed against a distributor/manufacturer listing,0603,Resistor_SMD:R_0603_1608Metric,UNVERIFIED,UNKNOWN (not checked),Mouser / Digi-Key (authorized) - NOT QUERIED,NOT CHECKED (distributor sites unreachable from the build environment),NOT CHECKED,Yageo RC0603-FR-07 series (UNVERIFIED alternate),PCBWay source,no,IF >= 1.59 mA at 10.5 V (worst-case VF 1.6 V): 2x saturation margin with CTR_eff = 13 % x 0.8 x 0.8
57,"U4, U5",2,10,VO610A-1,"Optocoupler transistor output DIP-4, CTR bin -1 (13 % min @ 1 mA, 40 % min @ 10 mA: user-relayed)",Vishay,VO610A-1,orderable suffix NOT yet confirmed against a distributor/manufacturer listing,DIP-4,Package_DIP:DIP-4_W7.62mm,USER_RELAYED_MANUFACTURER,UNKNOWN (not checked),Mouser / Digi-Key (authorized) - NOT QUERIED,NOT CHECKED (distributor sites unreachable from the build environment),NOT CHECKED,"Vishay VO610A-2 (63-125 % bin, resistor re-check) (UNVERIFIED alternate)",CONSIGN (owned: 2) + spares,no,
58,"D11, D12",2,10,1N4148,Small-signal diode DO-35 (LED reverse clamp),onsemi,1N4148,orderable suffix NOT yet confirmed against a distributor/manufacturer listing,DO-35,Diode_THT:D_DO-35_SOD27_P7.62mm_Horizontal,UNVERIFIED,UNKNOWN (not checked),Mouser / Digi-Key (authorized) - NOT QUERIED,NOT CHECKED (distributor sites unreachable from the build environment),NOT CHECKED,Vishay 1N4148 (UNVERIFIED alternate),CONSIGN (owned: 2) or PCBWay source,no,Antiparallel across the LED
59,"R25, R29",2,10,47k,47k 1 % thick film 0603,Vishay Dale,CRCW060347K0FKEA,orderable suffix NOT yet confirmed against a distributor/manufacturer listing,0603,Resistor_SMD:R_0603_1608Metric,UNVERIFIED,UNKNOWN (not checked),Mouser / Digi-Key (authorized) - NOT QUERIED,NOT CHECKED (distributor sites unreachable from the build environment),NOT CHECKED,Yageo RC0603-FR-07 series (UNVERIFIED alternate),PCBWay source,no,
60,"C30, C31",2,10,10nF,10 nF 50 V X7R 0603,Murata,GRM188R71H103KA01D,orderable suffix NOT yet confirmed against a distributor/manufacturer listing,0603,Capacitor_SMD:C_0603_1608Metric,UNVERIFIED,UNKNOWN (not checked),Mouser / Digi-Key (authorized) - NOT QUERIED,NOT CHECKED (distributor sites unreachable from the build environment),NOT CHECKED,Samsung CL10B103KB8NNNC (UNVERIFIED alternate),PCBWay source,no,
61,"R26, R27, R28",3,15,4.7k,4.7k 1 % thick film 1206 (pulse-rated relay-feedback chain),Vishay Dale,CRCW12064K70FKEA,orderable suffix NOT yet confirmed against a distributor/manufacturer listing,1206,Resistor_SMD:R_1206_3216Metric,UNVERIFIED,UNKNOWN (not checked),Mouser / Digi-Key (authorized) - NOT QUERIED,NOT CHECKED (distributor sites unreachable from the build environment),NOT CHECKED,Yageo RC1206-FR-07 series (UNVERIFIED alternate),PCBWay source,no,
62,R30,1,5,270k,270k 1 % thick film 0603,Vishay Dale,CRCW0603270KFKEA,orderable suffix NOT yet confirmed against a distributor/manufacturer listing,0603,Resistor_SMD:R_0603_1608Metric,UNVERIFIED,UNKNOWN (not checked),Mouser / Digi-Key (authorized) - NOT QUERIED,NOT CHECKED (distributor sites unreachable from the build environment),NOT CHECKED,Yageo RC0603-FR-07 series (UNVERIFIED alternate),PCBWay source,no,
63,J7,1,5,TEMP_PROBE,PH 2.0 mm 4-pos vertical header (mate PHR-4 + SPH-002T-P0.5S),JST,B4B-PH-K-S,orderable suffix NOT yet confirmed against a distributor/manufacturer listing,JST_PH_B4B-PH-K_1x04_P2.00mm_Vertical,Connector_JST:JST_PH_B4B-PH-K_1x04_P2.00mm_Vertical,UNVERIFIED,UNKNOWN (not checked),Mouser / Digi-Key (authorized) - NOT QUERIED,NOT CHECKED (distributor sites unreachable from the build environment),NOT CHECKED,JST B4B-PH-K-S(LF)(SN) (UNVERIFIED alternate),PCBWay source,no,"1 3V3, 2 SDA2, 3 SCL2, 4 GND"
64,"R33, R34",2,10,100,100 1 % thick film 0603,Vishay Dale,CRCW0603100RFKEA,orderable suffix NOT yet confirmed against a distributor/manufacturer listing,0603,Resistor_SMD:R_0603_1608Metric,UNVERIFIED,UNKNOWN (not checked),Mouser / Digi-Key (authorized) - NOT QUERIED,NOT CHECKED (distributor sites unreachable from the build environment),NOT CHECKED,Yageo RC0603-FR-07 series (UNVERIFIED alternate),PCBWay source,no,
