Designator,Mount,Package,Mid X,Mid Y,Rotation,Layer
C1,THT,CP_Radial_D5.0mm_P2.00mm,67.5900mm,42.5000mm,180,Top
C2,THT,C_Disc_D5.0mm_W2.5mm_P5.00mm,68.0900mm,24.0000mm,0,Top
C3,THT,C_Disc_D5.0mm_W2.5mm_P5.00mm,61.5900mm,17.0000mm,0,Top
D1,SMT,D_SMB,49.0900mm,41.7300mm,0,Top
D2,THT,D_DO-201AD_P15.24mm_Horizontal,11.5900mm,36.2600mm,90,Top
D3,THT,D_DO-201AD_P15.24mm_Horizontal,49.0900mm,66.6200mm,270,Top
J1,THT,TerminalBlock_MaiXu_MX126-5.0-02P_1x02_P5.00mm,61.8400mm,63.0325mm,0,Top
J2,THT,TerminalBlock_MaiXu_MX126-5.0-02P_1x02_P5.00mm,11.0000mm,64.0000mm,0,Top
J3,THT,TerminalBlock_MaiXu_MX126-5.0-02P_1x02_P5.00mm,25.0900mm,64.0000mm,0,Top
J4,THT,PinHeader_1x04_P2.54mm_Vertical,64.0900mm,31.0400mm,90,Top
J5,THT,PinHeader_2x04_P2.54mm_Vertical,39.8300mm,15.0400mm,270,Top
J6,THT,FanPinHeader_1x04_P2.54mm_Vertical,32.2100mm,24.5000mm,0,Top
Q1,THT,TO-220-3_Vertical,11.0100mm,26.5000mm,0,Top
R1,THT,R_Axial_DIN0207_L6.3mm_D2.5mm_P10.16mm_Horizontal,20.1700mm,19.5000mm,180,Top
R2,THT,R_Axial_DIN0207_L6.3mm_D2.5mm_P10.16mm_Horizontal,15.0100mm,12.0000mm,0,Top
U1,THT,TO-220-5_Vertical,51.3900mm,23.0000mm,0,Top
