anon_battery_id,test_id,chemistry,measurement_quality,capacity_retention_pct,dcir_mohm,voltage_sag_mv,temp_rise_c,delivered_wh,discharge_duration_s
syn-0000,0-0,NMC,SYNTHETIC,53.6612,302.8925,3104.354,27.9027,101.9562,3219.6709
syn-0000,0-1,NMC,SYNTHETIC,50.6626,323.17,3073.6469,27.7225,96.2588,3039.7531
syn-0001,1-0,NMC,SYNTHETIC,69.9005,228.5448,2425.0883,22.0531,132.8109,4194.0292
syn-0001,1-1,NMC,SYNTHETIC,66.7962,229.873,2698.867,17.2879,126.9128,4007.7725
syn-0002,2-0,NMC,SYNTHETIC,56.846,298.0955,2998.4901,22.0703,108.0074,3410.7597
syn-0002,2-1,NMC,SYNTHETIC,54.5269,292.7195,3111.6047,26.2021,103.6012,3271.616
syn-0003,3-0,NMC,SYNTHETIC,70.8564,229.7137,2329.0641,20.7045,134.6271,4251.3823
syn-0003,3-1,NMC,SYNTHETIC,66.163,261.3094,2511.1812,20.1962,125.7096,3969.7782
syn-0004,4-0,NMC,SYNTHETIC,57.4123,286.9943,2796.9094,22.9302,109.0834,3444.7401
syn-0004,4-1,NMC,SYNTHETIC,56.3976,276.7226,2802.6543,24.3221,107.1555,3383.8576
syn-0005,5-0,NMC,SYNTHETIC,53.0612,333.2114,3194.8904,30.6792,100.8162,3183.6709
syn-0005,5-1,NMC,SYNTHETIC,52.8391,310.8433,3253.029,27.3997,100.3943,3170.3449
syn-0006,6-0,NMC,SYNTHETIC,72.9401,210.4138,2121.3117,16.9549,138.5862,4376.4052
syn-0006,6-1,NMC,SYNTHETIC,68.5542,206.9916,2020.3887,16.7306,130.2529,4113.2494
syn-0007,7-0,NMC,SYNTHETIC,64.9752,235.279,2426.8752,19.2386,123.4528,3898.5091
syn-0007,7-1,NMC,SYNTHETIC,65.352,237.1656,2531.861,20.975,124.1688,3921.1213
syn-0008,8-0,NMC,SYNTHETIC,65.0381,234.3554,2674.1798,21.6701,123.5724,3902.2864
syn-0008,8-1,NMC,SYNTHETIC,69.5385,227.9834,2649.2426,17.6391,132.1231,4172.3099
syn-0009,9-0,NMC,SYNTHETIC,47.3021,334.4104,3285.4386,26.9197,89.874,2838.1274
syn-0009,9-1,NMC,SYNTHETIC,50.7003,318.9044,3413.2119,26.8501,96.3305,3042.0154
syn-0010,10-0,NMC,SYNTHETIC,45.8428,339.6755,3195.7164,24.506,87.1014,2750.5707
syn-0010,10-1,NMC,SYNTHETIC,50.8416,336.0774,3494.1217,29.7664,96.5991,3050.4987
syn-0011,11-0,NMC,SYNTHETIC,70.6041,191.8429,2223.2043,19.5912,134.1479,4236.2482
syn-0011,11-1,NMC,SYNTHETIC,74.2918,210.6711,2240.9707,15.8649,141.1543,4457.5056
syn-0012,12-0,NMC,SYNTHETIC,56.0325,308.098,3029.9579,24.9659,106.4618,3361.9506
syn-0012,12-1,NMC,SYNTHETIC,51.1999,294.9502,2892.1758,24.9146,97.2798,3071.9931
syn-0013,13-0,NMC,SYNTHETIC,96.7257,57.7664,978.2457,4.981,183.7788,5803.5398
syn-0013,13-1,NMC,SYNTHETIC,94.6857,88.4506,1087.1136,5.7385,179.9029,5681.1438
syn-0014,14-0,NMC,SYNTHETIC,47.552,353.0293,3446.6175,31.6379,90.3488,2853.1187
syn-0014,14-1,NMC,SYNTHETIC,47.5394,347.4812,3361.2732,29.3384,90.3249,2852.3656
syn-0015,15-0,NMC,SYNTHETIC,86.2304,152.1639,1612.6388,12.2622,163.8378,5173.8239
syn-0015,15-1,NMC,SYNTHETIC,85.1376,137.9112,1889.9348,14.147,161.7615,5108.2579
syn-0016,16-0,NMC,SYNTHETIC,86.9905,132.397,1616.3755,7.1292,165.282,5219.4321
syn-0016,16-1,NMC,SYNTHETIC,90.4848,132.8766,1532.2128,9.8757,171.9211,5429.0885
syn-0017,17-0,NMC,SYNTHETIC,63.8421,255.3028,2689.9224,23.9267,121.2999,3830.5235
syn-0017,17-1,NMC,SYNTHETIC,61.6496,265.0586,2589.4219,22.1783,117.1343,3698.9763
syn-0018,18-0,NMC,SYNTHETIC,66.9735,230.2672,2303.8824,21.464,127.2497,4018.4113
syn-0018,18-1,NMC,SYNTHETIC,68.6838,243.5582,2586.7881,19.4204,130.4992,4121.0261
syn-0019,19-0,NMC,SYNTHETIC,83.0822,163.0747,1855.1235,17.1018,157.8563,4984.9349
syn-0019,19-1,NMC,SYNTHETIC,80.5373,167.3731,1686.2767,16.21,153.021,4832.2407
