Item,Reference(s),Qty,Value,Description,Manufacturer,MPN,Package,Footprint,Evidence Status,Lifecycle,Primary Supplier,Supplier SKU,Stock Check Date,Approved Alternate,PCBWay Source / Consign,DNP,Notes
1,J1,1,12V_IN,"2-pos 5.00 mm right-angle screw terminal, 8 A / 300 V (FOOTPRINT: VERIFY_MECHANICAL_DRAWING)",Adam Tech,EB21A-02-C,EB21A-02-C_PROVISIONAL,OSBAMS_Rev2:EB21A-02-C_PROVISIONAL,USER_RELAYED_MANUFACTURER,UNKNOWN (not checked),Mouser / Digi-Key (authorized) - NOT QUERIED,NOT CHECKED (distributor sites unreachable from the build environment),NOT CHECKED,"Phoenix MKDS 1/2-5,08 (different footprint) (UNVERIFIED alternate)",CONSIGN (owned: 5) or PCBWay source,no,"Pin 1 +12 V, pin 2 GND. XDR-75-12 set to 12.0 V"
2,F1,1,1A fast,1 A fast fuse 1206 32 V,Littelfuse,0453001.MR,1206,Fuse:Fuse_1206_3216Metric,UNVERIFIED,UNKNOWN (not checked),Mouser / Digi-Key (authorized) - NOT QUERIED,NOT CHECKED (distributor sites unreachable from the build environment),NOT CHECKED,Littelfuse 0466001.NR (UNVERIFIED alternate),PCBWay source,no,
3,D2,1,SS14,1 A 40 V Schottky SMA (series reverse-polarity),Vishay,SS14-E3/61T,SMA,Diode_SMD:D_SMA,UNVERIFIED,UNKNOWN (not checked),Mouser / Digi-Key (authorized) - NOT QUERIED,NOT CHECKED (distributor sites unreachable from the build environment),NOT CHECKED,Diodes Inc SS14-13-F (UNVERIFIED alternate),PCBWay source,no,
4,D1,1,SMBJ15A,Unidirectional TVS 15 V standoff 600 W (K = pin 1),Littelfuse,SMBJ15A,SMB,Diode_SMD:D_SMB,USER_RELAYED_MANUFACTURER,UNKNOWN (not checked),Mouser / Digi-Key (authorized) - NOT QUERIED,NOT CHECKED (distributor sites unreachable from the build environment),NOT CHECKED,Bourns SMBJ15A-Q (UNVERIFIED alternate),CONSIGN or PCBWay source,no,
5,"C1, C2",2,10uF 50V,10 uF 50 V X7R 1210 (12 V rail / buck input),Murata,GRM32ER71H106KA12L,1210,Capacitor_SMD:C_1210_3225Metric,UNVERIFIED,UNKNOWN (not checked),Mouser / Digi-Key (authorized) - NOT QUERIED,NOT CHECKED (distributor sites unreachable from the build environment),NOT CHECKED,TDK C3225X7R1H106K250AC (UNVERIFIED alternate),PCBWay source,no,
6,U3,1,LMR14006Y,LMR14006Y 4-40 V 0.6 A 2.1 MHz buck SOT-23-6 (PIN MAP UNVERIFIED),Texas Instruments,LMR14006YDDCR,SOT-23-6,Package_TO_SOT_SMD:SOT-23-6,USER_RELAYED_MANUFACTURER,ACTIVE (user-confirmed),Mouser / Digi-Key (authorized) - NOT QUERIED,NOT CHECKED (distributor sites unreachable from the build environment),NOT CHECKED,LMR14006XDDCR (700 kHz variant: inductor change) (UNVERIFIED alternate),PCBWay source,no,
7,"C3, C8, C10, C11, C12, C13, C14, C17, C18, C21, C23, C24, C25, C27, C29, C32, C33, C34",18,100nF,100 nF 50 V X7R 0603,Murata,GRM188R71H104KA93D,0603,Capacitor_SMD:C_0603_1608Metric,UNVERIFIED,UNKNOWN (not checked),Mouser / Digi-Key (authorized) - NOT QUERIED,NOT CHECKED (distributor sites unreachable from the build environment),NOT CHECKED,Samsung CL10B104KB8NNNC (UNVERIFIED alternate),PCBWay source,no,At J7; INA228 VS; ISO7721 VCC1; ISO7721 VCC2; VBAT pin 1; VDD pin 19; VDD pin 32; VDD pin 64; VDDA; VDDUSB pin 48
8,C4,1,100nF (bootstrap),100 nF 50 V X7R 0603,Murata,GRM188R71H104KA93D,0603,Capacitor_SMD:C_0603_1608Metric,UNVERIFIED,UNKNOWN (not checked),Mouser / Digi-Key (authorized) - NOT QUERIED,NOT CHECKED (distributor sites unreachable from the build environment),NOT CHECKED,Samsung CL10B104KB8NNNC (UNVERIFIED alternate),PCBWay source,no,
9,L1,1,10uH,10 uH shielded inductor 6x6 mm (value/Isat per LMR14006 design equations; UNVERIFIED),Bourns,SRN6045TA-100M,L_Bourns_SRN6045TA,Inductor_SMD:L_Bourns_SRN6045TA,UNVERIFIED,UNKNOWN (not checked),Mouser / Digi-Key (authorized) - NOT QUERIED,NOT CHECKED (distributor sites unreachable from the build environment),NOT CHECKED,Wurth 744043100 (UNVERIFIED alternate),PCBWay source,no,
10,R1,1,33.2k,33.2k 1 % thick film 0603,Vishay Dale,CRCW060333K2FKEA,0603,Resistor_SMD:R_0603_1608Metric,UNVERIFIED,UNKNOWN (not checked),Mouser / Digi-Key (authorized) - NOT QUERIED,NOT CHECKED (distributor sites unreachable from the build environment),NOT CHECKED,Yageo RC0603-FR-07 series (UNVERIFIED alternate),PCBWay source,no,
11,"R2, R6, R16, R22, R37",5,10k,10k 1 % thick film 0603,Vishay Dale,CRCW060310K0FKEA,0603,Resistor_SMD:R_0603_1608Metric,UNVERIFIED,UNKNOWN (not checked),Mouser / Digi-Key (authorized) - NOT QUERIED,NOT CHECKED (distributor sites unreachable from the build environment),NOT CHECKED,Yageo RC0603-FR-07 series (UNVERIFIED alternate),PCBWay source,no,Bleeds the isolated clamp rail; Default OFF
12,"R3, R31",2,100k,100k 1 % thick film 0603,Vishay Dale,CRCW0603100KFKEA,0603,Resistor_SMD:R_0603_1608Metric,UNVERIFIED,UNKNOWN (not checked),Mouser / Digi-Key (authorized) - NOT QUERIED,NOT CHECKED (distributor sites unreachable from the build environment),NOT CHECKED,Yageo RC0603-FR-07 series (UNVERIFIED alternate),PCBWay source,no,
13,"C5, C6",2,22uF,22 uF 10 V X5R 0805 (derates ~50 % at 3.3 V),Murata,GRM21BR61A226ME44L,0805,Capacitor_SMD:C_0805_2012Metric,UNVERIFIED,UNKNOWN (not checked),Mouser / Digi-Key (authorized) - NOT QUERIED,NOT CHECKED (distributor sites unreachable from the build environment),NOT CHECKED,Samsung CL21A226MPQNNNE (UNVERIFIED alternate),PCBWay source,no,
14,FB1,1,600R@100MHz,Ferrite bead 600 ohm @ 100 MHz 0603,Murata,BLM18PG601SN1D,0603,Inductor_SMD:L_0603_1608Metric,UNVERIFIED,UNKNOWN (not checked),Mouser / Digi-Key (authorized) - NOT QUERIED,NOT CHECKED (distributor sites unreachable from the build environment),NOT CHECKED,TDK MMZ1608B601CTAH0 (UNVERIFIED alternate),PCBWay source,no,
15,"C7, C15, C20",3,4.7uF,4.7 uF 10 V X5R 0805,Murata,GRM21BR61A475KA73L,0805,Capacitor_SMD:C_0805_2012Metric,UNVERIFIED,UNKNOWN (not checked),Mouser / Digi-Key (authorized) - NOT QUERIED,NOT CHECKED (distributor sites unreachable from the build environment),NOT CHECKED,Samsung CL21A475KPFNNNE (UNVERIFIED alternate),PCBWay source,no,
16,R4,1,3.3k,3.3k 1 % thick film 0603,Vishay Dale,CRCW06033K30FKEA,0603,Resistor_SMD:R_0603_1608Metric,UNVERIFIED,UNKNOWN (not checked),Mouser / Digi-Key (authorized) - NOT QUERIED,NOT CHECKED (distributor sites unreachable from the build environment),NOT CHECKED,Yageo RC0603-FR-07 series (UNVERIFIED alternate),PCBWay source,no,Permanent bleeder: keeps 3V3A < 1 V if PACK+ back-feeds through PA1 with the board unpowered
17,"R5, R7, R20, R32",4,1k,1k 1 % thick film 0603,Vishay Dale,CRCW06031K00FKEA,0603,Resistor_SMD:R_0603_1608Metric,UNVERIFIED,UNKNOWN (not checked),Mouser / Digi-Key (authorized) - NOT QUERIED,NOT CHECKED (distributor sites unreachable from the build environment),NOT CHECKED,Yageo RC0603-FR-07 series (UNVERIFIED alternate),PCBWay source,no,
18,D3,1,3V3 ON,LED green 0805,Wurth Elektronik,150080GS75000,0805,LED_SMD:LED_0805_2012Metric,UNVERIFIED,UNKNOWN (not checked),Mouser / Digi-Key (authorized) - NOT QUERIED,NOT CHECKED (distributor sites unreachable from the build environment),NOT CHECKED,Kingbright APT2012SGC (UNVERIFIED alternate),PCBWay source,no,
19,U1,1,STM32L476RGT6,STM32L476RG MCU LQFP-64,STMicroelectronics,STM32L476RGT6,LQFP-64,Package_QFP:LQFP-64_10x10mm_P0.5mm,UNVERIFIED,UNKNOWN (not checked),Mouser / Digi-Key (authorized) - NOT QUERIED,NOT CHECKED (distributor sites unreachable from the build environment),NOT CHECKED,STM32L476RGT6TR (reel) (UNVERIFIED alternate),PCBWay source,no,
20,"C16, C22",2,1uF,1 uF 16 V X7R 0805,Murata,GRM21BR71C105KA01L,0805,Capacitor_SMD:C_0805_2012Metric,UNVERIFIED,UNKNOWN (not checked),Mouser / Digi-Key (authorized) - NOT QUERIED,NOT CHECKED (distributor sites unreachable from the build environment),NOT CHECKED,Samsung CL21B105KOFNNNE (UNVERIFIED alternate),PCBWay source,no,VDDA
21,SW1,1,RESET,Tactile switch (reset),C&K,PTS810SJM250SMTRLFS,SW_SPST_PTS810,Button_Switch_SMD:SW_SPST_PTS810,UNVERIFIED,UNKNOWN (not checked),Mouser / Digi-Key (authorized) - NOT QUERIED,NOT CHECKED (distributor sites unreachable from the build environment),NOT CHECKED,Wurth 434121025816 (UNVERIFIED alternate),PCBWay source,no,
22,JP1,1,BOOT0,2-pin header + jumper (BOOT0),Samtec,TSW-102-07-G-S,PinHeader_1x02_P2.54mm_Vertical,Connector_PinHeader_2.54mm:PinHeader_1x02_P2.54mm_Vertical,UNVERIFIED,UNKNOWN (not checked),Mouser / Digi-Key (authorized) - NOT QUERIED,NOT CHECKED (distributor sites unreachable from the build environment),NOT CHECKED,Wurth 61300211121 (UNVERIFIED alternate),PCBWay source,no,Jumper fitted = ROM bootloader
23,D4,1,HEARTBEAT,LED green 0805,Wurth Elektronik,150080GS75000,0805,LED_SMD:LED_0805_2012Metric,UNVERIFIED,UNKNOWN (not checked),Mouser / Digi-Key (authorized) - NOT QUERIED,NOT CHECKED (distributor sites unreachable from the build environment),NOT CHECKED,Kingbright APT2012SGC (UNVERIFIED alternate),PCBWay source,no,
24,J9,1,SWD,Cortex-debug 2x5 1.27 mm shrouded keyed header,Samtec,FTSH-105-01-L-DV-K,PinHeader_2x05_P1.27mm_Vertical_SMD,Connector_PinHeader_1.27mm:PinHeader_2x05_P1.27mm_Vertical_SMD,UNVERIFIED,UNKNOWN (not checked),Mouser / Digi-Key (authorized) - NOT QUERIED,NOT CHECKED (distributor sites unreachable from the build environment),NOT CHECKED,Harwin M50-3600542 (UNVERIFIED alternate),PCBWay source,no,
25,J8,1,USB-C HOST,USB-C 2.0 receptacle 16-pin,GCT,USB4105-GF-A,USB_C_Receptacle_GCT_USB4105-xx-A_16P_TopMnt_Horizontal,Connector_USB:USB_C_Receptacle_GCT_USB4105-xx-A_16P_TopMnt_Horizontal,UNVERIFIED,UNKNOWN (not checked),Mouser / Digi-Key (authorized) - NOT QUERIED,NOT CHECKED (distributor sites unreachable from the build environment),NOT CHECKED,Korean Hroparts TYPE-C-31-M-12 (UNVERIFIED alternate),PCBWay source,no,
26,"R8, R9",2,5.1k,5.1k 1 % thick film 0603,Vishay Dale,CRCW06035K10FKEA,0603,Resistor_SMD:R_0603_1608Metric,UNVERIFIED,UNKNOWN (not checked),Mouser / Digi-Key (authorized) - NOT QUERIED,NOT CHECKED (distributor sites unreachable from the build environment),NOT CHECKED,Yageo RC0603-FR-07 series (UNVERIFIED alternate),PCBWay source,no,
27,R10,1,1M,1M 1 % thick film 0603,Vishay Dale,CRCW06031M00FKEA,0603,Resistor_SMD:R_0603_1608Metric,UNVERIFIED,UNKNOWN (not checked),Mouser / Digi-Key (authorized) - NOT QUERIED,NOT CHECKED (distributor sites unreachable from the build environment),NOT CHECKED,Yageo RC0603-FR-07 series (UNVERIFIED alternate),PCBWay source,no,
28,C19,1,4.7nF 100V,4.7 nF 100 V X7R 0805 (USB shield),Murata,GRM21BR72A472KA01L,0805,Capacitor_SMD:C_0805_2012Metric,UNVERIFIED,UNKNOWN (not checked),Mouser / Digi-Key (authorized) - NOT QUERIED,NOT CHECKED (distributor sites unreachable from the build environment),NOT CHECKED,TDK C2012X7R2A472K125AA (UNVERIFIED alternate),PCBWay source,no,
29,"U9, U10",2,USBLC6-2SC6,2-line ESD protection SOT-23-6,STMicroelectronics,USBLC6-2SC6,SOT-23-6,Package_TO_SOT_SMD:SOT-23-6,UNVERIFIED,UNKNOWN (not checked),Mouser / Digi-Key (authorized) - NOT QUERIED,NOT CHECKED (distributor sites unreachable from the build environment),NOT CHECKED,Nexperia IP4220CZ6 (UNVERIFIED alternate),PCBWay source,no,2-channel ESD on the probe cable lines
30,U6,1,CP2102N,CP2102N USB-UART bridge QFN-20 3x3,Silicon Labs,CP2102N-A02-GQFN20,QFN-20,Package_DFN_QFN:SiliconLabs_QFN-20-1EP_3x3mm_P0.5mm_EP1.8x1.8mm,UNVERIFIED,UNKNOWN (not checked),Mouser / Digi-Key (authorized) - NOT QUERIED,NOT CHECKED (distributor sites unreachable from the build environment),NOT CHECKED,CP2102N-A02-GQFN24 (needs QFN24 footprint) (UNVERIFIED alternate),PCBWay source,no,
31,U7,1,ISO7721,ISO7721 dual-channel digital isolator 1 fwd / 1 rev SOIC-8 (no isolated power),Texas Instruments,ISO7721DR,SOIC-8,Package_SO:SOIC-8_3.9x4.9mm_P1.27mm,USER_RELAYED_MANUFACTURER,UNKNOWN (not checked),Mouser / Digi-Key (authorized) - NOT QUERIED,NOT CHECKED (distributor sites unreachable from the build environment),NOT CHECKED,ISO7721DWR (wide body) (UNVERIFIED alternate),PCBWay source,no,
32,J5,1,SHUNT_KELVIN,KK 254 3-pos vertical header (mate 22-01-3037 + 08-50-0114),Molex,22-27-2031,Molex_KK-254_AE-6410-03A_1x03_P2.54mm_Vertical,Connector_Molex:Molex_KK-254_AE-6410-03A_1x03_P2.54mm_Vertical,UNVERIFIED,UNKNOWN (not checked),Mouser / Digi-Key (authorized) - NOT QUERIED,NOT CHECKED (distributor sites unreachable from the build environment),NOT CHECKED,Molex 22-23-2031 (UNVERIFIED alternate),PCBWay source,no,"1 IN+, 2 IN-, 3 cable shield (shield joined to GND at this end only)"
33,"D5, D6, D7",3,1.5SMBJ48A,Unidirectional TVS 48 V standoff 1500 W (K = pin 1),Bourns,1.5SMBJ48A,SMB,Diode_SMD:D_SMB,USER_RELAYED_MANUFACTURER,UNKNOWN (not checked),Mouser / Digi-Key (authorized) - NOT QUERIED,NOT CHECKED (distributor sites unreachable from the build environment),NOT CHECKED,Littelfuse 1.5SMC / SMBJ48A (UNVERIFIED alternate),CONSIGN (owned: 2; 3 needed) or PCBWay source,no,
34,"R11, R12, R13",3,10,10 1 % thick film 0603,Vishay Dale,CRCW060310R0FKEA,0603,Resistor_SMD:R_0603_1608Metric,UNVERIFIED,UNKNOWN (not checked),Mouser / Digi-Key (authorized) - NOT QUERIED,NOT CHECKED (distributor sites unreachable from the build environment),NOT CHECKED,Yageo RC0603-FR-07 series (UNVERIFIED alternate),PCBWay source,no,
35,"C26, C28",2,100nF 50V,100 nF 50 V X7R 0603,Murata,GRM188R71H104KA93D,0603,Capacitor_SMD:C_0603_1608Metric,UNVERIFIED,UNKNOWN (not checked),Mouser / Digi-Key (authorized) - NOT QUERIED,NOT CHECKED (distributor sites unreachable from the build environment),NOT CHECKED,Samsung CL10B104KB8NNNC (UNVERIFIED alternate),PCBWay source,no,Differential filter fc ~80 kHz
36,U2,1,INA228,INA228 85 V 20-bit I2C power monitor VSSOP-10 (PIN MAP UNVERIFIED),Texas Instruments,INA228AIDGSR,MSOP-10,Package_SO:MSOP-10_3x3mm_P0.5mm,USER_RELAYED_MANUFACTURER,ACTIVE (user-confirmed),Mouser / Digi-Key (authorized) - NOT QUERIED,NOT CHECKED (distributor sites unreachable from the build environment),NOT CHECKED,INA228AIDGST (small reel) (UNVERIFIED alternate),PCBWay source,no,
37,"R14, R15, R35, R36",4,4.7k,4.7k 1 % thick film 0603,Vishay Dale,CRCW06034K70FKEA,0603,Resistor_SMD:R_0603_1608Metric,UNVERIFIED,UNKNOWN (not checked),Mouser / Digi-Key (authorized) - NOT QUERIED,NOT CHECKED (distributor sites unreachable from the build environment),NOT CHECKED,Yageo RC0603-FR-07 series (UNVERIFIED alternate),PCBWay source,no,Fitted; 2.2k alternative for long cables
38,J6,1,PACK_SENSE,KK 254 4-pos vertical header (mate 22-01-3047 + 08-50-0114),Molex,22-27-2041,Molex_KK-254_AE-6410-04A_1x04_P2.54mm_Vertical,Connector_Molex:Molex_KK-254_AE-6410-04A_1x04_P2.54mm_Vertical,UNVERIFIED,UNKNOWN (not checked),Mouser / Digi-Key (authorized) - NOT QUERIED,NOT CHECKED (distributor sites unreachable from the build environment),NOT CHECKED,Molex 22-23-2041 (UNVERIFIED alternate),PCBWay source,no,"1 PACK_INA (upstream of K1), 2 PACK_ADC (separate lead), 3 RELAY_OUT (K1 load side), 4 GND_SENSE = the single logic-GND / pack-negative bond"
39,"R17, R18",2,75k 0.1%,75k 0.1 % 25 ppm thin film 0805 (ADC divider),Vishay Dale,TNPW080575K0BEEA,0805,Resistor_SMD:R_0805_2012Metric,USER_RELAYED_MANUFACTURER,UNKNOWN (not checked),Mouser / Digi-Key (authorized) - NOT QUERIED,NOT CHECKED (distributor sites unreachable from the build environment),NOT CHECKED,Susumu RG2012P-series 0.1 %/25 ppm (UNVERIFIED alternate),PCBWay source,no,
40,R19,1,10k 0.1%,10k 0.1 % 25 ppm thin film 0805 (ADC divider),Vishay Dale,TNPW080510K0BEEA,0805,Resistor_SMD:R_0805_2012Metric,USER_RELAYED_MANUFACTURER,UNKNOWN (not checked),Mouser / Digi-Key (authorized) - NOT QUERIED,NOT CHECKED (distributor sites unreachable from the build environment),NOT CHECKED,Susumu RG2012P-series 0.1 %/25 ppm (UNVERIFIED alternate),PCBWay source,no,
41,"D8, D13, D14",3,BAT54S,Dual series Schottky SOT-23 (clamp),Nexperia,"BAT54S,215",SOT-23,Package_TO_SOT_SMD:SOT-23,UNVERIFIED,UNKNOWN (not checked),Mouser / Digi-Key (authorized) - NOT QUERIED,NOT CHECKED (distributor sites unreachable from the build environment),NOT CHECKED,onsemi BAT54SLT1G (UNVERIFIED alternate),PCBWay source,no,ARM_SENSE clamp: source impedance 73 k -> back-feed < 60 uA; Blocks VCLAMP -> 3V3: PACK+ back-feed through D8 cannot reach the MCU rail; Lower clamp to GND; upper clamp to the ISOLATED rail VCLAMP (not 3V3)
42,J2,1,ESTOP,"2-pos 5.00 mm right-angle screw terminal, 8 A / 300 V (FOOTPRINT: VERIFY_MECHANICAL_DRAWING)",Adam Tech,EB21A-02-C,EB21A-02-C_PROVISIONAL,OSBAMS_Rev2:EB21A-02-C_PROVISIONAL,USER_RELAYED_MANUFACTURER,UNKNOWN (not checked),Mouser / Digi-Key (authorized) - NOT QUERIED,NOT CHECKED (distributor sites unreachable from the build environment),NOT CHECKED,"Phoenix MKDS 1/2-5,08 (different footprint) (UNVERIFIED alternate)",CONSIGN (owned: 5) or PCBWay source,no,"Eaton M22-PV-K02 NC contact in series: pin 1 +12 V, pin 2 post-E-stop node"
43,J3,1,ARM,"2-pos 5.00 mm right-angle screw terminal, 8 A / 300 V (FOOTPRINT: VERIFY_MECHANICAL_DRAWING)",Adam Tech,EB21A-02-C,EB21A-02-C_PROVISIONAL,OSBAMS_Rev2:EB21A-02-C_PROVISIONAL,USER_RELAYED_MANUFACTURER,UNKNOWN (not checked),Mouser / Digi-Key (authorized) - NOT QUERIED,NOT CHECKED (distributor sites unreachable from the build environment),NOT CHECKED,"Phoenix MKDS 1/2-5,08 (different footprint) (UNVERIFIED alternate)",CONSIGN (owned: 5) or PCBWay source,no,C&K T102SHZQE ARM switch in series
44,J4,1,K1_COIL,"2-pos 5.00 mm right-angle screw terminal, 8 A / 300 V (FOOTPRINT: VERIFY_MECHANICAL_DRAWING)",Adam Tech,EB21A-02-C,EB21A-02-C_PROVISIONAL,OSBAMS_Rev2:EB21A-02-C_PROVISIONAL,USER_RELAYED_MANUFACTURER,UNKNOWN (not checked),Mouser / Digi-Key (authorized) - NOT QUERIED,NOT CHECKED (distributor sites unreachable from the build environment),NOT CHECKED,"Phoenix MKDS 1/2-5,08 (different footprint) (UNVERIFIED alternate)",CONSIGN (owned: 5) or PCBWay source,no,"Durakool DG57CM-5021-76-1012-R coil (12 V). Pin 1 +12 V side, pin 2 MOSFET drain"
45,Q1,1,IRLML0060,N-MOSFET 60 V SOT-23 logic-level (relay low side). RDS(on) not specified at 3.3 V: gate-drive check required,Infineon,IRLML0060TRPBF,SOT-23,Package_TO_SOT_SMD:SOT-23,UNVERIFIED,UNKNOWN (not checked),Mouser / Digi-Key (authorized) - NOT QUERIED,NOT CHECKED (distributor sites unreachable from the build environment),NOT CHECKED,Diodes DMN6140L-7 / AOS AO3400A (30 V) (UNVERIFIED alternate),PCBWay source,no,
46,R21,1,220,220 1 % thick film 0603,Vishay Dale,CRCW0603220RFKEA,0603,Resistor_SMD:R_0603_1608Metric,UNVERIFIED,UNKNOWN (not checked),Mouser / Digi-Key (authorized) - NOT QUERIED,NOT CHECKED (distributor sites unreachable from the build environment),NOT CHECKED,Yageo RC0603-FR-07 series (UNVERIFIED alternate),PCBWay source,no,
47,D9,1,S1M,1 A 1000 V rectifier SMA (relay-coil flyback),Diodes Inc.,S1M-13-F,SMA,Diode_SMD:D_SMA,UNVERIFIED,UNKNOWN (not checked),Mouser / Digi-Key (authorized) - NOT QUERIED,NOT CHECKED (distributor sites unreachable from the build environment),NOT CHECKED,onsemi/owned 1N5408G (THT) (UNVERIFIED alternate),PCBWay source,no,Flyback: cathode on +12 V side
48,R23,1,2.2k,2.2k 1 % thick film 0603,Vishay Dale,CRCW06032K20FKEA,0603,Resistor_SMD:R_0603_1608Metric,UNVERIFIED,UNKNOWN (not checked),Mouser / Digi-Key (authorized) - NOT QUERIED,NOT CHECKED (distributor sites unreachable from the build environment),NOT CHECKED,Yageo RC0603-FR-07 series (UNVERIFIED alternate),PCBWay source,no,
49,D10,1,COIL ON,LED amber 0805,Wurth Elektronik,150080AS75000,0805,LED_SMD:LED_0805_2012Metric,UNVERIFIED,UNKNOWN (not checked),Mouser / Digi-Key (authorized) - NOT QUERIED,NOT CHECKED (distributor sites unreachable from the build environment),NOT CHECKED,Kingbright APT2012SYC (UNVERIFIED alternate),PCBWay source,no,
50,R24,1,5.6k,5.6k 1 % thick film 0603,Vishay Dale,CRCW06035K60FKEA,0603,Resistor_SMD:R_0603_1608Metric,UNVERIFIED,UNKNOWN (not checked),Mouser / Digi-Key (authorized) - NOT QUERIED,NOT CHECKED (distributor sites unreachable from the build environment),NOT CHECKED,Yageo RC0603-FR-07 series (UNVERIFIED alternate),PCBWay source,no,IF >= 1.59 mA at 10.5 V (worst-case VF 1.6 V): 2x saturation margin with CTR_eff = 13 % x 0.8 x 0.8
51,"U4, U5",2,VO610A-1,"Optocoupler transistor output DIP-4, CTR bin -1 (13 % min @ 1 mA, 40 % min @ 10 mA: user-relayed)",Vishay,VO610A-1,DIP-4,Package_DIP:DIP-4_W7.62mm,USER_RELAYED_MANUFACTURER,UNKNOWN (not checked),Mouser / Digi-Key (authorized) - NOT QUERIED,NOT CHECKED (distributor sites unreachable from the build environment),NOT CHECKED,"Vishay VO610A-2 (63-125 % bin, resistor re-check) (UNVERIFIED alternate)",CONSIGN (owned: 2) + spares,no,
52,"D11, D12",2,1N4148,Small-signal diode DO-35 (LED reverse clamp),onsemi,1N4148,DO-35,Diode_THT:D_DO-35_SOD27_P7.62mm_Horizontal,UNVERIFIED,UNKNOWN (not checked),Mouser / Digi-Key (authorized) - NOT QUERIED,NOT CHECKED (distributor sites unreachable from the build environment),NOT CHECKED,Vishay 1N4148 (UNVERIFIED alternate),CONSIGN (owned: 2) or PCBWay source,no,Antiparallel across the LED
53,"R25, R29",2,47k,47k 1 % thick film 0603,Vishay Dale,CRCW060347K0FKEA,0603,Resistor_SMD:R_0603_1608Metric,UNVERIFIED,UNKNOWN (not checked),Mouser / Digi-Key (authorized) - NOT QUERIED,NOT CHECKED (distributor sites unreachable from the build environment),NOT CHECKED,Yageo RC0603-FR-07 series (UNVERIFIED alternate),PCBWay source,no,
54,"C30, C31",2,10nF,10 nF 50 V X7R 0603,Murata,GRM188R71H103KA01D,0603,Capacitor_SMD:C_0603_1608Metric,UNVERIFIED,UNKNOWN (not checked),Mouser / Digi-Key (authorized) - NOT QUERIED,NOT CHECKED (distributor sites unreachable from the build environment),NOT CHECKED,Samsung CL10B103KB8NNNC (UNVERIFIED alternate),PCBWay source,no,
55,"R26, R27, R28",3,4.7k,4.7k 1 % thick film 1206 (pulse-rated relay-feedback chain),Vishay Dale,CRCW12064K70FKEA,1206,Resistor_SMD:R_1206_3216Metric,UNVERIFIED,UNKNOWN (not checked),Mouser / Digi-Key (authorized) - NOT QUERIED,NOT CHECKED (distributor sites unreachable from the build environment),NOT CHECKED,Yageo RC1206-FR-07 series (UNVERIFIED alternate),PCBWay source,no,
56,R30,1,270k,270k 1 % thick film 0603,Vishay Dale,CRCW0603270KFKEA,0603,Resistor_SMD:R_0603_1608Metric,UNVERIFIED,UNKNOWN (not checked),Mouser / Digi-Key (authorized) - NOT QUERIED,NOT CHECKED (distributor sites unreachable from the build environment),NOT CHECKED,Yageo RC0603-FR-07 series (UNVERIFIED alternate),PCBWay source,no,
57,J7,1,TEMP_PROBE,PH 2.0 mm 4-pos vertical header (mate PHR-4 + SPH-002T-P0.5S),JST,B4B-PH-K-S,JST_PH_B4B-PH-K_1x04_P2.00mm_Vertical,Connector_JST:JST_PH_B4B-PH-K_1x04_P2.00mm_Vertical,UNVERIFIED,UNKNOWN (not checked),Mouser / Digi-Key (authorized) - NOT QUERIED,NOT CHECKED (distributor sites unreachable from the build environment),NOT CHECKED,JST B4B-PH-K-S(LF)(SN) (UNVERIFIED alternate),PCBWay source,no,"1 3V3, 2 SDA2, 3 SCL2, 4 GND"
58,"R33, R34",2,100,100 1 % thick film 0603,Vishay Dale,CRCW0603100RFKEA,0603,Resistor_SMD:R_0603_1608Metric,UNVERIFIED,UNKNOWN (not checked),Mouser / Digi-Key (authorized) - NOT QUERIED,NOT CHECKED (distributor sites unreachable from the build environment),NOT CHECKED,Yageo RC0603-FR-07 series (UNVERIFIED alternate),PCBWay source,no,
