Designator,Val,Package,Mid X,Mid Y,Rotation,Layer
C1,10uF 50V,1210,37.0000mm,-12.0000mm,180.0,Top
C2,10uF 50V,1210,31.5000mm,-22.5000mm,270.0,Top
C3,100nF,0603,31.5000mm,-14.5000mm,180.0,Top
C4,100nF (bootstrap),0603,27.5000mm,-18.0000mm,270.0,Top
C5,22uF,0805,42.5000mm,-17.5000mm,90.0,Top
C6,22uF,0805,43.0000mm,-21.5000mm,270.0,Top
C7,4.7uF,0805,47.0000mm,-43.5000mm,180.0,Top
C8,100nF,0603,48.5000mm,-46.0000mm,180.0,Top
C10,100nF,0603,54.5000mm,-49.5000mm,180.0,Top
C11,100nF,0603,61.0000mm,-49.5000mm,180.0,Top
C12,100nF,0603,53.5000mm,-32.5000mm,180.0,Top
C13,100nF,0603,66.0000mm,-35.5000mm,90.0,Top
C14,100nF,0603,50.0000mm,-35.5000mm,90.0,Top
C15,4.7uF,0805,57.5000mm,-32.5000mm,0.0,Top
C16,1uF,0805,49.0000mm,-49.0000mm,270.0,Top
C17,100nF,0603,50.0000mm,-39.0000mm,90.0,Top
C18,100nF,0603,48.0000mm,-36.5000mm,90.0,Top
C19,4.7nF 100V,0805,90.0000mm,-26.5000mm,270.0,Top
C20,4.7uF,0805,81.0000mm,-33.5000mm,90.0,Top
C21,100nF,0603,88.5000mm,-32.0000mm,90.0,Top
C22,4.7uF,0805,80.0000mm,-30.0000mm,180.0,Top
C23,100nF,0603,80.0000mm,-36.5000mm,180.0,Top
C24,100nF,0603,69.5000mm,-30.0000mm,180.0,Top
C25,100nF,0603,78.0000mm,-33.0000mm,270.0,Top
C26,100nF 50V,0603,23.0000mm,-64.5000mm,180.0,Top
C27,100nF,0603,25.0000mm,-71.0000mm,180.0,Top
C28,100nF 50V,0603,29.5000mm,-65.0000mm,90.0,Top
C29,100nF,0603,45.5000mm,-46.5000mm,270.0,Top
C30,10nF,0603,54.0000mm,-52.5000mm,270.0,Top
C31,10nF,0603,66.5000mm,-44.0000mm,270.0,Top
C32,100nF,0603,65.0000mm,-32.0000mm,90.0,Top
C33,100nF,0603,81.5000mm,-82.5000mm,180.0,Top
C34,100nF,0603,41.0000mm,-54.0000mm,270.0,Top
D1,SMBJ15A,SMB,40.0000mm,-7.5000mm,0.0,Top
D2,SS14,SMA,32.5000mm,-7.0000mm,0.0,Top
D3,3V3 ON,0805,38.5000mm,-26.0000mm,90.0,Top
D4,HEARTBEAT,0805,57.5000mm,-53.0000mm,0.0,Top
D5,1.5SMBJ48A,SMB,8.0000mm,-76.5000mm,180.0,Top
D6,1.5SMBJ48A,SMB,16.5000mm,-74.0000mm,0.0,Top
D7,1.5SMBJ48A,SMB,27.0000mm,-76.5000mm,180.0,Top
D8,BAT54S,SOT-23,45.0000mm,-50.5000mm,0.0,Top
D9,S1M,SMA,19.0000mm,-51.0000mm,90.0,Top
D10,COIL ON,0805,5.0000mm,-48.0000mm,0.0,Top
D13,BAT54S,SOT-23,57.0000mm,-29.0000mm,270.0,Top
D14,BAT54S,SOT-23,44.5000mm,-54.5000mm,180.0,Top
F1,1A fast,1206,25.0000mm,-7.0000mm,0.0,Top
FB1,600R@100MHz,0603,50.0000mm,-42.5000mm,270.0,Top
J8,USB-C HOST,USB_C_Receptacle_GCT_USB4105-xx-A_16P_TopMnt_Horizontal,96.6000mm,-22.0000mm,90.0,Top
J9,SWD,PinHeader_2x05_P1.27mm_Vertical_SMD,60.0000mm,-80.0000mm,0.0,Top
L1,10uH,L_Bourns_SRN6045TA,37.5000mm,-18.5000mm,0.0,Top
Q1,IRLML0060,SOT-23,26.0000mm,-54.0000mm,0.0,Top
R1,33.2k,0603,27.5000mm,-21.0000mm,0.0,Top
R2,10k,0603,27.5000mm,-23.0000mm,180.0,Top
R3,100k,0603,35.0000mm,-23.5000mm,180.0,Top
R4,3.3k,0603,48.0000mm,-40.5000mm,90.0,Top
R5,1k,0603,39.0000mm,-23.0000mm,180.0,Top
R6,10k,0603,60.5000mm,-32.0000mm,90.0,Top
R7,1k,0603,58.0000mm,-50.0000mm,270.0,Top
R8,5.1k,0603,90.5000mm,-22.5000mm,90.0,Top
R9,5.1k,0603,90.5000mm,-18.5000mm,90.0,Top
R10,1M,0603,94.0000mm,-28.5000mm,0.0,Top
R11,10,0603,26.5000mm,-65.0000mm,180.0,Top
R12,10,0603,28.5000mm,-68.5000mm,90.0,Top
R13,10,0603,28.5000mm,-72.0000mm,90.0,Top
R14,4.7k,0603,19.5000mm,-69.5000mm,90.0,Top
R15,4.7k,0603,21.5000mm,-72.0000mm,90.0,Top
R16,10k,0603,19.5000mm,-66.0000mm,270.0,Top
R17,75k 0.1%,0805,34.5000mm,-78.0000mm,0.0,Top
R18,75k 0.1%,0805,36.0000mm,-75.5000mm,0.0,Top
R19,10k 0.1%,0805,37.5000mm,-73.0000mm,0.0,Top
R20,1k,0603,51.5000mm,-50.0000mm,90.0,Top
R21,220,0603,24.5000mm,-51.0000mm,0.0,Top
R22,10k,0603,22.5000mm,-54.0000mm,270.0,Top
R23,2.2k,0603,6.5000mm,-51.0000mm,90.0,Top
R24,5.6k,0603,19.5000mm,-27.0000mm,270.0,Top
R25,47k,0603,45.0000mm,-41.0000mm,0.0,Top
R26,4.7k,1206,42.0000mm,-83.0000mm,90.0,Top
R27,4.7k,1206,46.0000mm,-83.0000mm,0.0,Top
R28,4.7k,1206,50.0000mm,-84.0000mm,270.0,Top
R29,47k,0603,66.0000mm,-40.5000mm,270.0,Top
R30,270k,0603,18.0000mm,-44.0000mm,90.0,Top
R31,100k,0603,20.0000mm,-42.5000mm,90.0,Top
R32,1k,0603,63.0000mm,-32.0000mm,270.0,Top
R33,100,0603,79.5000mm,-76.0000mm,270.0,Top
R34,100,0603,77.5000mm,-79.0000mm,0.0,Top
R35,4.7k,0603,64.0000mm,-50.0000mm,90.0,Top
R36,4.7k,0603,66.0000mm,-48.5000mm,90.0,Top
R37,10k,0603,41.5000mm,-50.5000mm,90.0,Top
R38,22.1k,0603,84.0000mm,-35.5000mm,0.0,Top
R39,47.5k,0603,84.5000mm,-37.5000mm,180.0,Top
R40,1k,0603,87.5000mm,-35.5000mm,0.0,Top
R41,47,1206,27.5000mm,-82.0000mm,90.0,Top
R42,10,1206,10.5000mm,-82.0000mm,90.0,Top
R43,10,1206,15.5000mm,-78.0000mm,180.0,Top
SW1,RESET,SW_SPST_PTS810,49.0000mm,-63.0000mm,0.0,Top
U1,STM32L476RGT6,LQFP-64,58.0000mm,-41.0000mm,0.0,Top
U2,INA228,MSOP-10,24.0000mm,-68.0000mm,0.0,Top
U3,LMR14006Y,SOT-23-6,31.0000mm,-18.0000mm,0.0,Top
U6,CP2102N,QFN-20,85.0000mm,-32.0000mm,0.0,Top
U7,ISO7721,SOIC-8,73.0000mm,-34.0000mm,0.0,Top
U9,USBLC6-2SC6,SOT-23-6,88.0000mm,-10.0000mm,0.0,Top
U10,USBLC6-2SC6,SOT-23-6,76.0000mm,-76.0000mm,0.0,Top
